movieId,score
159817,4.357642819392166
318,4.346942703907684
1203,4.251665309008984
858,4.233340566410948
5618,4.216495023272005
296,4.214218232454194
2959,4.208285384898967
1221,4.202692545758139
5971,4.164029789487199
3000,4.156965331459296
293,4.149775008593003
112552,4.14661801963734
79132,4.145789868441546
1213,4.144230856764808
170705,4.143033071684789
1704,4.139294750412148
44555,4.137563229643968
50,4.12423821548997
2019,4.120072052942315
58559,4.116007185823778
48780,4.111479154035192
48516,4.1114261940238475
2324,4.107703941021036
356,4.105492340383291
47,4.104926698165374
1193,4.100921651678781
1201,4.098944585183426
1208,4.098110124650847
2329,4.091618220722145
109487,4.091534926789787
92259,4.089554796312152
31658,4.088389935549264
4226,4.0759680568522825
608,4.074893440971637
4011,4.0742352800057855
593,4.0710653445130065
527,4.069889793836804
6016,4.069157947226534
3147,4.068665680569126
98491,4.068545324050516
142488,4.0625421448068915
160718,4.062124848626003
2542,4.05991810439681
1214,4.059792782039047
1089,4.059654551826357
2571,4.059524288391549
5690,4.059155943505614
750,4.055941717330912
86504,4.054801918987144
7099,4.049270176715382
116897,4.044099239111398
1136,4.042525970889851
904,4.0403874451195065
26662,4.039119063341874
134130,4.0383252005774
1222,4.0377904066212995
1270,4.037592456102323
7153,4.032247334480773
131724,4.029128594194907
6350,4.0285799149955315
1258,4.027995304830818
541,4.0265590941808656
924,4.024621580027987
1178,4.021758153330594
5995,4.020066997255136
1232,4.020006351694442
27773,4.01970166898983
4993,4.015818606220924
1196,4.011895059574895
1274,4.01161956599897
164179,4.010023733115491
215,4.009554034288185
1209,4.009014932324434
4995,4.008581559029147
5989,4.007791517158316
5952,4.006520415041245
116797,4.005263516794229
3681,4.004954367619631
55820,4.002770668936494
1225,4.0023084747303885
142115,3.9983527657861866
148626,3.9978533852761946
68237,3.997125827086181
26082,3.9893531736577073
56782,3.989073231648574
1237,3.9873409595887948
96829,3.9854642568039464
109374,3.985393232228764
2288,3.984630061304043
1233,3.984292358243101
8638,3.982854406851602
1246,3.98250026645339
1732,3.9822518652037813
100044,3.9818695286613037
1080,3.9805686066758654
7361,3.9758928993062757
99114,3.973762646050373
741,3.971437291571857
908,3.970832218358926
1266,3.9707521498477054
1219,3.9699124968945525
3089,3.9674331395386346
140174,3.966304570643931
111,3.966205459660838
150548,3.965896559687567
2951,3.9658706287440166
7669,3.963433550375086
912,3.9632108569269424
74458,3.963091602220929
5291,3.9618968496514193
1207,3.9618727241317075
94959,3.9615967743006295
1234,3.961169838549293
115713,3.9609767920179637
2028,3.959773050620603
778,3.9590863517180988
68157,3.957324731384743
2858,3.957131585865268
903,3.9553368183716797
34405,3.953884988699273
1210,3.95339642453054
260,3.949396648442676
60069,3.946082417009313
3462,3.9451626207273844
115569,3.9448948071465906
3435,3.9441770607796873
2502,3.9436832281105234
7327,3.9435586700629126
364,3.9434489543406994
1281,3.942557242190693
104374,3.9422694645480347
152081,3.9417575678265173
1197,3.941251332743449
111759,3.941029227224319
589,3.940310398692632
166024,3.9399401015404534
4973,3.939252828290503
3030,3.936895807837907
3578,3.9368340374585156
1265,3.9345239947687465
91529,3.9343573943284498
4144,3.933998905401575
163134,3.9339923446371037
166643,3.933113339717713
55908,3.931248015576639
1252,3.930745059063597
6787,3.9306438397543997
174055,3.9304625814004406
86347,3.92906478307822
65188,3.92875985234422
112852,3.928635041013244
104879,3.928095549452174
134853,3.9270166848682657
1212,3.926881425471217
16,3.9255304017779804
1682,3.9250283908388157
104944,3.923600404871851
158783,3.922224348165811
1172,3.921420720038716
6,3.920883647456361
1200,3.920245440919632
32,3.9191495885755177
1204,3.9186735623501066
909,3.918592699691105
85342,3.9172839710075595
1227,3.9168560252629527
86377,3.915866148486651
152970,3.9155009728896135
112556,3.915037479276475
31410,3.91460661510433
3949,3.9145378784028475
168250,3.9137344582568314
160289,3.908572914903079
5418,3.9083298976826817
100553,3.9071239556487605
163809,3.905693872100661
6669,3.9047448934172175
1206,3.903865786700144
1304,3.9032729805773863
100714,3.9025308789804805
101962,3.902495859527474
1244,3.9019636024112243
79357,3.9007775902031776
1250,3.9002682689377735
68954,3.899822660103911
1259,3.898799222981231
3677,3.8979035200915106
3160,3.8978132908702334
96488,3.896689390190953
93721,3.896084790815758
115617,3.8955727619099494
150,3.894249989419314
1217,3.893003233535606
1617,3.892929416592427
168252,3.8928707175277895
158966,3.8923692972312076
89759,3.891948683498499
5147,3.8919424874654496
69524,3.891695385246993
1276,3.8912312907002202
48394,3.890462046813262
926,3.889732724828361
80906,3.8893126535068734
1625,3.8887181116771528
1262,3.8882284857103846
1199,3.8878336466031898
1961,3.887653923285164
1278,3.8871751090805597
117444,3.8869771644062676
65514,3.886147290131018
1036,3.8852453567531895
1653,3.885162104721453
106100,3.884964561265328
953,3.884501461043181
86345,3.884226101470924
106642,3.883383478686251
1527,3.8812060186191637
88810,3.880311926669095
127052,3.8794998627689496
922,3.879457640657767
6818,3.877829697584728
96606,3.877623488707856
95654,3.8771975056651033
44191,3.8771442840753947
3504,3.877044369381821
85774,3.8767395817541734
31364,3.8765236833148538
30749,3.876038589646418
88125,3.875063517349471
6643,3.8747186324454606
1230,3.8735082385238253
1263,3.873397833358908
48774,3.872066013488102
106782,3.870421638741771
171011,3.869273766091305
54286,3.8689029551160257
913,3.8688056232215615
2761,3.8678145896161564
86781,3.866039610034388
81834,3.8658668177238766
3503,3.865845617285084
4262,3.865534945342196
2788,3.8651220731168157
33794,3.864343021025804
6807,3.8629312245550596
1198,3.8627172864662973
1086,3.862086620483878
117533,3.8618260716793507
166528,3.8615464141054443
106920,3.8614218629646433
72226,3.861354313475824
71033,3.8600745592198376
1291,3.860043183402832
73881,3.859411634096096
104283,3.8589517600457555
122918,3.8579328212362407
64614,3.855939503343535
122904,3.8550720411411974
95858,3.8544932235717058
2186,3.854466538359853
916,3.854387070276196
2730,3.854073443917554
89492,3.8532793454669116
55721,3.852715283635747
69844,3.8515597025568513
2160,3.8510993666966256
161582,3.8510226865414485
1968,3.8508138609169715
105844,3.850181031519712
8665,3.8501043024692527
1945,3.8499466157447992
26776,3.849532885177644
148881,3.8490801916201836
1228,3.848698930080497
57669,3.84859555912981
84152,3.848287978626919
115122,3.8481152584300875
8368,3.846620562658799
2762,3.846286754609402
4878,3.8461153704942186
1610,3.845807372611277
92535,3.8453729024901735
1293,3.845280609148103
81845,3.8444422492267836
26903,3.8435420326770795
923,3.843107394185783
113741,3.8426488678115085
899,3.841527006650293
61240,3.8408069246441925
33154,3.8407981000898754
1260,3.8406355785317605
57504,3.840038472172402
104069,3.8391716983943165
67255,3.839134979824357
457,3.83892641513164
1247,3.8376115642650266
100556,3.8366267916168133
165551,3.8364523398007275
1240,3.835930947420496
52885,3.8347453639528517
2076,3.834280480025811
163645,3.834234271095178
127098,3.8342211069709964
4235,3.8337012435890623
136449,3.833567449416014
6283,3.8331883864112974
2011,3.832849009970857
128360,3.8317539762269583
171763,3.8314374184315443
89774,3.8314348588719334
32460,3.8314305875417993
26150,3.830474877019866
123,3.8304540127378646
910,3.8303994310429577
127152,3.8293715182390122
96821,3.8290066323097727
44199,3.82823323870931
3307,3.8280252599673243
66371,3.8274441487336666
555,3.826814379143207
2810,3.8264282751437397
83134,3.8257960931251427
156387,3.825789162626137
2268,3.824884468602857
26614,3.8235553614748676
8874,3.8235114042412155
47099,3.823476295301472
1464,3.823143910388216
7156,3.822186478352048
1261,3.821957159196945
8477,3.8216557124149495
103984,3.8215927426365477
4963,3.821485979546883
76093,3.821263951493173
1907,3.8197187648903244
104913,3.819506520678489
4027,3.819339753041222
49530,3.819117149179449
97,3.8187770148403084
119145,3.8183840322490012
2395,3.817392688570989
88129,3.8172132963571506
51255,3.817135606015357
166461,3.8166947918886938
720,3.816627826870729
165549,3.8165059980152414
1288,3.8159720995070026
117192,3.814472906565342
8014,3.813838754890262
7256,3.813501570554245
3730,3.813046644734735
1748,3.8124836647557223
3252,3.812157411248229
4979,3.8119046086288892
5008,3.810069023603427
1,3.809938070398876
122886,3.8095283498531787
127202,3.8078450178466987
2905,3.807346009163644
3362,3.807126463219766
73323,3.8065835923560867
1223,3.8061114026518728
2010,3.805892086998604
1245,3.8056908200112045
77846,3.8049568090830164
2997,3.8047750410665158
65261,3.8043585841332974
139644,3.8041240290541203
3415,3.8039669303300983
27815,3.803707193347802
4857,3.8032402386847903
2731,3.8013152462943856
55442,3.8004961166030147
2918,3.799975971122501
164909,3.7999605505284357
1248,3.7998012156497802
6440,3.799054865615025
110,3.7986002544237722
3310,3.7983161414316795
71899,3.7981383987739954
3671,3.797454746171804
73344,3.7961448251309795
40629,3.7954637615545934
55247,3.7953399326167663
4848,3.7951278718619563
130970,3.7947486245130015
2194,3.7944266678179366
162578,3.7941782371350214
1090,3.7938298331116296
126430,3.792562967042538
27611,3.7925150986829204
7981,3.7912250497932742
7445,3.790794225263097
930,3.7901652813155344
1466,3.7897329014357153
3499,3.7890642819073435
3508,3.788712558523264
105504,3.787777234719224
140737,3.787604767969488
122882,3.7875212416849187
117176,3.787118830808042
2843,3.7865250698649815
114935,3.7855446137836433
64034,3.7853369458595467
7926,3.785323816454925
898,3.784682245085941
129514,3.784661244259201
3088,3.7842188552591907
77455,3.7836668415911237
108709,3.7835758020632513
46578,3.783101930330021
1284,3.7829740854498097
40815,3.7829626112300625
4886,3.7827996131436463
72356,3.7819683399241075
911,3.7817113511307587
2973,3.7810108375786413
147384,3.780109767740316
140359,3.7795824710249706
114554,3.7790082542647667
103235,3.7783300387637966
54001,3.777969642896827
27728,3.777003803174003
3468,3.776712741476351
551,3.7763866110069584
81932,3.775163353819565
431,3.774997093026879
104272,3.7739174315359523
6902,3.773710506935497
8950,3.7734740559355187
107412,3.7723180108297605
38061,3.7721127431385058
1673,3.771923083801872
91658,3.771887738033615
2791,3.7711215008329684
7371,3.7710523214134364
1305,3.7702858494012506
102666,3.770147850425732
96811,3.7693949901066177
139385,3.768118066019797
1272,3.76792639824698
588,3.7678500975836653
6502,3.767807504015706
33779,3.767058556631153
127108,3.766620856866559
93838,3.766298032250446
954,3.7661187154704057
2716,3.7658991936385875
3198,3.7653858375786413
51540,3.7652575065321794
2068,3.765148088606926
6993,3.7650651889587925
44195,3.764950549986583
4873,3.764887919900119
4326,3.76463980606405
3735,3.7642192181081833
2691,3.763980035353151
143385,3.7638380077138542
1884,3.7638126258805804
2132,3.763555232565186
2467,3.763025047685622
3910,3.7619988230645247
3424,3.7618228555953688
3105,3.7616562490789898
98124,3.761301131112173
47610,3.7609955147580925
3683,3.7609448899886773
1584,3.760394436929389
3275,3.760256647287979
306,3.760175811704059
2176,3.7599665344638975
49272,3.7599182340988415
105355,3.759454009226899
1952,3.759166981367208
70286,3.759088437720423
1354,3.7582017661326987
480,3.756283104584955
4776,3.7559746171679738
59387,3.755966261275847
26131,3.755517317926997
26326,3.75508381437559
4022,3.754445629827897
44665,3.754214610651683
4239,3.7540073338692217
79553,3.7538936599699704
4896,3.753784086944637
951,3.751815277695863
103606,3.7512832364398943
85414,3.7508341553900673
1307,3.7507167512714834
7766,3.750680266765354
68358,3.7500373611943063
6377,3.7496094980335197
86892,3.749036778835296
3535,3.748386041527602
7147,3.747997187879092
2115,3.747794865118566
93988,3.7471173401258264
914,3.747105337599311
905,3.7460402030601943
55118,3.7459248860757888
27156,3.7453631412504858
30707,3.7449961080071428
112290,3.7449566472585625
1289,3.7442039265631073
55290,3.743218156278086
86882,3.7429964421469846
7587,3.742947752992916
59315,3.7417708795506823
99764,3.741600967599875
6874,3.7414341398267204
115149,3.7409693872100664
7063,3.7407930554565647
128620,3.7402134732101415
1231,3.740012254505884
162414,3.739946262381336
5902,3.739808320928011
928,3.7395033670301956
1729,3.7393550567283214
138702,3.7392569671952236
2501,3.739244635646536
67997,3.7392210366906062
1220,3.739209165912204
714,3.7390225748526875
3134,3.7384252140555487
90439,3.7382906827189797
2291,3.7382229312186097
27834,3.737819204320237
62511,3.737681750581745
8228,3.737161626187434
2916,3.736990573766615
1235,3.7364219857081817
151759,3.736387026660023
6870,3.7362954024076864
78499,3.7362254100192076
155968,3.7361296940578286
1095,3.735588765433178
122926,3.7347765463545493
307,3.734626564710198
55765,3.7344968174334032
106889,3.7344619597230566
63082,3.733563611523653
1127,3.732849590156703
7323,3.7326761508891866
84392,3.7320390187295542
1251,3.7316103592843817
3897,3.73149643710878
122922,3.7311180087110825
8207,3.730244146233631
36363,3.7298765954658846
120807,3.729855031845894
1175,3.729687557270479
26729,3.728768062631069
2932,3.72860376065199
8607,3.7278016421935622
95311,3.7274398548188974
2313,3.7267694279554733
3801,3.726654863561495
135456,3.726409628995697
1215,3.7262165292829597
1273,3.725821573621931
1211,3.7255981656040182
136447,3.725115039339045
1254,3.7245756442912628
3916,3.7245669316235896
1954,3.724507796383652
3741,3.7245041236661947
1073,3.7231636693288133
50872,3.722934142130977
2360,3.7229185744815405
74510,3.722895405226649
97304,3.7225400870211574
141890,3.722277548840264
1035,3.7215314398005175
73017,3.7212969545314847
3022,3.721093847213902
26578,3.720955562631069
5064,3.720851656204801
79702,3.720822182355672
57183,3.720189816703779
3006,3.7199686300287764
2921,3.71994031778038
1394,3.719810180672221
73808,3.719781729826893
1358,3.7197113488904128
8961,3.7197058221286063
111362,3.719698711402091
3629,3.719387750857212
1104,3.7187974325762125
66934,3.7187305651318074
5878,3.7181060195735736
1298,3.7180581949685703
122920,3.717995210138321
2819,3.7178639866616283
968,3.717751035453905
115210,3.7173738617547043
3868,3.7169899557694044
1299,3.716687593923585
5816,3.716555275368201
118888,3.716302228691263
160980,3.7157658099259065
7438,3.7157629055580412
29,3.7157158283463767
83132,3.71568940366584
1269,3.715495622929044
48738,3.7153153556788823
115667,3.7146444479822014
2005,3.7144357733322564
107069,3.7138535929051493
8914,3.7137275889780827
71838,3.7130935415561077
5445,3.71299917457938
4223,3.7129472855195558
7090,3.7126620596247495
2970,3.712259196379277
88235,3.71222784731543
88163,3.711953428734964
7254,3.7117842279062763
920,3.7116896745344756
148667,3.7110710082323792
7759,3.710820684626552
3527,3.710408572589234
80489,3.709482274584657
1283,3.709379364452508
1176,3.708158130779725
17,3.7080099308845282
71535,3.707723358907473
969,3.7076183845148845
628,3.7072468682340336
7013,3.7070362912188775
906,3.706684181945279
114028,3.7064433499122442
4406,3.706295322418038
148671,3.7058469360503303
6796,3.705837859359712
143355,3.705623792310473
1279,3.7053082509587636
118930,3.704944289976644
77800,3.7039540778476816
71282,3.703847210878825
147382,3.703459949685568
919,3.7030376759103407
3471,3.7028176691565147
6433,3.7027992942522205
1950,3.7027198046058842
110501,3.702517423920093
52319,3.702326263746512
1361,3.7015934385476115
147378,3.7015684000932048
52604,3.7011468913999512
71108,3.7004425377246064
134849,3.700110698231912
60904,3.700099021203229
102445,3.6997350624446144
82459,3.6997248057399363
2594,3.699705646250636
26743,3.6996672522833274
1202,3.6993287757610847
595,3.69918376164644
81847,3.699146360641223
4914,3.6989511644155026
50068,3.6989095378150236
166946,3.698829159766991
2203,3.698828254343921
441,3.6985487881211343
157699,3.698545227061034
143245,3.698381502452549
33660,3.6977482374136157
158238,3.6971182239350986
3703,3.6970130757525874
93790,3.6963106012288014
108983,3.6962727787220047
6711,3.696270858548783
1997,3.6961943733981304
3967,3.696046887595237
99813,3.695456024002326
80586,3.6952369135818866
5954,3.6951796319881343
84716,3.6951656832928976
2692,3.6949416978699245
112183,3.69475024514345
1271,3.6946322250524277
8340,3.6945399669203463
2413,3.6941174951117954
553,3.694105027654279
1287,3.6939501382625313
7700,3.693854767969488
2726,3.6935632899462507
82667,3.6934771342409247
3736,3.693082753895303
1148,3.692975963253488
36529,3.6929517954865005
1256,3.692626633678141
89745,3.69250804292649
1967,3.6924981086730435
61406,3.6924927048817393
3186,3.6920346406141733
140715,3.6920322418290628
1374,3.6920167402869755
2067,3.6919623664419374
81591,3.6917478443974145
72641,3.6917199279976787
2739,3.691213506408751
6660,3.6910822767296025
109633,3.6910430782928607
80463,3.6909573414416306
1960,3.690865078584182
6539,3.6903752235824796
157296,3.6903702427005225
6187,3.6902843810154518
118896,3.6896898495525634
56715,3.6896838813803123
64622,3.6896721757911513
74727,3.6895504979964784
55814,3.689466670012722
6001,3.6892923791672065
84952,3.689210748934433
4720,3.6890046732602
8154,3.6889593634389346
34542,3.6887310117010617
105197,3.6886543183495615
147374,3.688629033613231
102993,3.6886150132866975
62644,3.6885802755744015
87232,3.6884104121246186
5903,3.68783316796069
915,3.6876205672267792
337,3.687397134442427
110102,3.687360809105108
91542,3.6869369506859324
40819,3.6866566290377447
1953,3.6865355872892405
3039,3.6865025870284747
135143,3.686346371125092
2572,3.686092516280088
112175,3.6858143609606655
116138,3.685335603470723
97913,3.684951888982953
55052,3.6848473203385943
161922,3.6848019851768874
3262,3.6845258071180353
27831,3.6842506536664312
162606,3.684189851232842
4105,3.6841146215854197
2495,3.6831021931473567
60684,3.6825381942330604
33171,3.6824470129011706
2351,3.6823526295693667
3911,3.6822747198371557
71462,3.681879101801548
27803,3.6818641150963747
26133,3.681716288607099
3034,3.6813749594227985
59369,3.681305991268618
90057,3.6806029016594173
6104,3.6804619108266308
3152,3.6802012408572464
106766,3.679217254606421
30810,3.6791996381123573
7234,3.67871380476821
5319,3.67871380476821
69529,3.6782069905960246
6291,3.6776418136659546
147376,3.6774336864988335
1645,3.67716664793507
6713,3.676270076702831
1267,3.676189767687065
68347,3.675449625685686
95377,3.6749031679750557
4103,3.674641229770902
74553,3.6745658109603587
79091,3.6744839020971303
223,3.6744057697314485
55444,3.67420967853006
90600,3.674208966439423
98056,3.673610670846662
64575,3.673402379034081
74324,3.6725488318812394
7001,3.6716358375786413
3246,3.6716342609690327
7387,3.6714721113639426
111622,3.6713517115787906
5120,3.6713306465917435
64716,3.671174363526432
69481,3.670849297836292
138036,3.6705550553407607
3052,3.6703231284105953
97866,3.670171922910499
54881,3.670138433201163
1387,3.6701191581808996
508,3.670061736705004
44761,3.669916593664761
152077,3.669824713876679
103659,3.6693128252628155
47491,3.6691672373947677
475,3.6690845623807196
54259,3.6687824006332814
7022,3.668748342018577
68099,3.668712405918673
950,3.668523982566514
96079,3.668516947482194
102903,3.668246220091487
4327,3.6681955130185626
61236,3.667769447982201
2427,3.667501909319852
103688,3.6672936769056883
2208,3.6670585566311535
4553,3.666838679437338
1285,3.6668003976634496
7116,3.666383214908019
156369,3.6663629683538304
58303,3.666307361620494
98961,3.665879728088571
2302,3.665707700677632
69757,3.6655960653140234
64993,3.665552902242297
965,3.6652678089596082
2401,3.664951749059269
8253,3.6648846435876754
6724,3.6644865320487514
1079,3.6643478174346282
97921,3.664178572472819
73290,3.6640327712397567
5608,3.663926108509534
44694,3.6639063282696545
138210,3.663676617538877
1242,3.6634404302635364
159917,3.6632842677515436
590,3.662529313793941
3448,3.6618729631965676
78836,3.6616007109420825
3114,3.661526656751989
117438,3.661016014427115
5225,3.660767245718279
107883,3.660287185634232
158972,3.659796647572537
4855,3.65966257920851
32840,3.6587401697002306
108932,3.6583703914035968
4007,3.6580947283957688
7482,3.6580782267505505
70533,3.6574732296113326
46976,3.657363118070119
118202,3.657344748797675
1784,3.6572600927145786
4002,3.6571086007511755
26528,3.6566673718595037
83803,3.656109808127447
106441,3.6561050530779644
48304,3.6560739069546697
2000,3.6556893713777328
7071,3.655679725000874
164917,3.654687633297665
3095,3.6546424298560547
7089,3.6544338478434786
2944,3.6543466701952347
54503,3.654295563487601
2066,3.6542196522954846
106918,3.6540362962095663
102800,3.6535386845592654
8033,3.6534998553174898
5010,3.6531895009607047
8958,3.6531773333670214
6753,3.6530248646678514
111384,3.6528236541577943
32554,3.652670755230435
2948,3.652636051898454
31878,3.6525164932709253
3083,3.6524958595274732
3481,3.6516981615243376
2161,3.651422385485049
64197,3.6509010807466336
140110,3.6508035168909094
162082,3.6504487309742273
159717,3.6503651958424532
60766,3.649940108408951
41997,3.649708299604605
27846,3.6496521273871148
1580,3.649373577531613
159195,3.6493577057114988
2078,3.649001148689487
3201,3.6487315047025928
6987,3.648710506935497
103048,3.648381054328593
8529,3.6482865219901646
2353,3.6482591000170035
1927,3.647743217064366
97306,3.647394901405682
84187,3.6473364882880523
56251,3.6470890646645096
118700,3.6468035374100367
6530,3.6466836667900253
87234,3.6466735476689784
147380,3.6466264001027158
6380,3.64626667319791
146309,3.64626667319791
31225,3.645797075000427
1408,3.645765501994485
3546,3.6457613744880266
1350,3.6456152546589764
112334,3.6449431922421933
71106,3.6447979138241773
3255,3.6446376651411034
1028,3.643796711622769
6666,3.6434483606230272
89118,3.6433767926391947
101864,3.643281335794747
97938,3.643269976797281
110586,3.6428426856236977
2947,3.642722142358727
111235,3.6425534445443066
81158,3.642480138055001
168248,3.642440498603389
127114,3.64213068882505
90531,3.6421270505474164
2966,3.6418110360617453
162,3.64154715326651
110669,3.6415045024426287
89864,3.6413389897333968
3360,3.641254283297191
150596,3.64023163512834
7925,3.640200313480024
3498,3.6400998639368733
80549,3.6398633281628516
2728,3.639516350753878
3097,3.638628171257568
151113,3.637896166014586
6985,3.6376627512450916
106011,3.637622229297736
2174,3.637299852151157
3020,3.6371584203816365
42632,3.6368498968553715
2423,3.6363109627545174
428,3.636096042046032
108540,3.6357597426988377
2012,3.6356339028556524
107771,3.635370968271337
4437,3.6352261326373636
5464,3.63521084706027
246,3.634744893417217
55269,3.6346307502154778
102753,3.6346173401258266
51935,3.6344475238904947
3075,3.634353735274727
129659,3.634024088216587
52435,3.633938937737575
6301,3.633451858712956
98604,3.633436263268268
62336,3.633419296795477
2139,3.633305306889674
54997,3.6332733082550313
8873,3.633205780041942
105593,3.6326177090650473
1321,3.632436170091428
117881,3.6319735053386157
1672,3.6314863101750596
63072,3.6314625838064556
112804,3.631399770078685
6867,3.6313871379076823
49772,3.631291233177313
149334,3.6309927114956064
515,3.6301788228266396
98122,3.629770195224249
81018,3.629701650337064
76091,3.629701650337064
2318,3.629674491690406
2987,3.6296278236775645
1280,3.629275314931321
66097,3.6290831639790784
89904,3.6288051175361695
146656,3.628055247456197
6979,3.6279143454926746
2804,3.6276989038539726
3551,3.627220518320507
112171,3.6271333345291943
8798,3.6268562003518094
80693,3.626805335423331
6773,3.626611167524319
9010,3.6262384565359556
902,3.62614586669417
3418,3.6259407684822733
3091,3.6258587525998283
3676,3.6253177070057974
26258,3.625248553975206
3176,3.6251881431943223
599,3.6251788488013483
27592,3.625166556787509
1292,3.625132065463666
96655,3.625122703861178
64620,3.6250919696872206
308,3.6247547052088622
6777,3.624592915027475
1241,3.6243799016158924
1084,3.6237785339516213
147372,3.623714441043958
529,3.623628016912459
81788,3.62362174464669
85179,3.623566565159255
933,3.623558670062913
2359,3.623529135248492
7132,3.6234741496503045
946,3.6226359582469385
6942,3.622050711150332
71464,3.6217046289308286
1951,3.6215097911699763
101525,3.621442611659274
85438,3.621391795871367
7143,3.621350677259593
64839,3.6213466858883163
26471,3.620908257550323
7748,3.620908257550323
8042,3.620784098333913
4642,3.62072804771891
161,3.6206322892567058
165,3.620319972441763
43396,3.619600917894401
5269,3.6195632037337795
1257,3.619518462913906
91630,3.619368461991437
132480,3.61903966982113
2925,3.618914990941125
2403,3.6188925202420026
41285,3.6182406821637647
2795,3.618127770478548
1333,3.6180692602444315
3788,3.6179663515181
68194,3.617868107662179
137337,3.617668107958931
745,3.617464145979953
1955,3.6173848218444684
3068,3.617158838825646
4034,3.6168138297408396
2300,3.616524565872254
66297,3.6164580767427363
253,3.616379992254311
2058,3.616350722489771
1921,3.6159896832226908
62849,3.615435336847474
3980,3.6152444469325373
96832,3.6148326187955586
2278,3.6148325690016745
1674,3.6143041526609747
98809,3.6142983852021344
3654,3.614200299670332
133771,3.6141746180145784
7265,3.614129316646144
1189,3.6140065830724897
37733,3.613784356098457
38095,3.6135975256984425
85213,3.6128465472885156
6323,3.6124846645083775
113275,3.612418111188781
2087,3.6123842236998245
2949,3.611652457582609
56367,3.611401633847704
2927,3.610724585985683
2455,3.6105828240921287
134881,3.6101119331945326
7419,3.609872265822256
54372,3.609693872100661
6975,3.6096053989166625
157318,3.6095469530113364
1253,3.609522768369406
117867,3.609522278139754
7934,3.6092395800235852
4128,3.609225523486651
4874,3.60914245925592
942,3.6091092639762685
1348,3.6091041910180035
3256,3.6090434626338403
3328,3.6090091263820137
2732,3.6090018948387255
5888,3.6088361049133857
3476,3.6088167820790233
92420,3.6086620610011844
6774,3.608537200880259
8533,3.6085031333170132
3996,3.6082693064427733
155288,3.6082195209603904
52328,3.6079010410715644
53956,3.6076737767136176
4085,3.60766732567859
4016,3.6075945833991296
68073,3.60756287657425
79008,3.607397953942944
168266,3.6071284407490545
95873,3.6068787482945064
52952,3.6067995964072335
56339,3.606746151242257
112006,3.606357925098945
90376,3.6063024315235648
111443,3.605105173617765
3386,3.6048752793548506
126090,3.604860358027186
7064,3.6044272474471253
96610,3.603998769154037
6857,3.603693872100661
86320,3.603609219784155
2511,3.6033163192827944
5791,3.6031436295134567
32587,3.6029986317153515
3300,3.6028378995355577
121231,3.6028283143359823
152017,3.6027478114645213
4329,3.60263049258877
7802,3.6024776302231682
93510,3.6023498580546875
235,3.602168857191439
27788,3.6014073770319754
166788,3.6011062773523035
106489,3.6010961048057597
4641,3.6010090209556003
4499,3.600592753382401
80969,3.600454203303182
94070,3.600047991871503
145418,3.600042361056255
49278,3.5998102045471283
97923,3.5996337237598888
62956,3.5994230981214552
27731,3.598815937186054
2289,3.5988080518326084
1275,3.598574129834656
1688,3.5983068487394405
106452,3.598228505669759
32892,3.598049057125208
3175,3.5980407183743397
52579,3.598011958707467
72011,3.597914215610281
2700,3.5977620970110076
2729,3.59766104826857
27727,3.597605366960629
2231,3.5975533364208303
103624,3.597304653486714
36276,3.5970361375006306
70599,3.5968324808095598
106438,3.5967068613042232
5004,3.5966341692794295
32898,3.5962767975479912
30812,3.5954869120287407
127198,3.5949975089840085
55280,3.5947176264729386
3062,3.5946173401258266
2125,3.5945284338697894
2081,3.5944059035772056
68945,3.5942498559692124
4546,3.594117364171268
1097,3.594090854364488
39381,3.5939625790577425
2664,3.5937053121820544
55363,3.5934163377900092
3992,3.5931848293705904
139120,3.5927620981625745
5956,3.5923780451393017
971,3.5922776461940957
2140,3.591922172309008
143476,3.5918994591195297
5060,3.5917645818690205
87304,3.591591717585213
96728,3.5914039702755436
6708,3.5913007749320127
509,3.5909375604458718
60333,3.5907560001239665
7034,3.589971224780464
48997,3.5899158750374482
55276,3.5893039599787766
8195,3.589171482712265
5103,3.589022225411186
1303,3.589002260991136
102194,3.58882617554869
8973,3.588797687065936
141749,3.5880881500349515
77307,3.5880395601666635
53123,3.5878338743719302
116855,3.587608648264654
139721,3.587358872474283
3196,3.587204921774955
74624,3.586908374575171
159849,3.5866839205232104
1218,3.586439305395607
74228,3.586374931677703
122900,3.5860553056109663
108729,3.5859497627446744
157122,3.585942000071088
940,3.585812890862039
79274,3.5857435287425643
4754,3.585699909930043
107141,3.5856856035875224
2243,3.5850425528902776
5146,3.5849007743095167
1747,3.584831137119709
5110,3.584820618536331
101,3.5844903497955336
3494,3.5841963583341556
4881,3.583569288023993
60487,3.583365875718494
57274,3.5826339044798043
114494,3.582419052726185
2025,3.5823526936498595
3740,3.58232187372836
1061,3.582308670062913
114342,3.582186169930025
93840,3.5817883538368704
7043,3.5816588103854627
3545,3.5816500615193356
3265,3.58141807488395
2657,3.581312138493802
1339,3.5808469360503303
665,3.5807511414930118
46322,3.580305743681924
142492,3.579693872100661
100527,3.579553083608013
111781,3.579253215155976
95558,3.5791523124059577
1147,3.57909470782136
91233,3.578958980890218
2529,3.5783563412011423
353,3.57818382041889
47423,3.5781305506103314
59026,3.5780562158096334
2924,3.577590770671711
2459,3.5774666694055752
80860,3.5773009176964026
3505,3.5771308450543593
89753,3.5770177087211326
103539,3.576795097032049
4210,3.5762318379511946
92509,3.5762188758150004
101895,3.5760437710884174
65642,3.575979036916868
2908,3.575827715024146
1282,3.575791017016042
2336,3.5757158848826314
81229,3.575334779569006
501,3.574992301633996
6808,3.5747329949490423
2118,3.5743984120154186
164175,3.573761407977517
1173,3.573693872100661
2065,3.573632171304145
2248,3.5735912600120967
76111,3.5735891225773737
79720,3.5735802957615883
6953,3.573575299135229
147,3.5734098173227546
152591,3.5733680411820727
4901,3.5732312907002206
1301,3.5732078488452323
3018,3.5731604526763467
30803,3.5730205564855835
103980,3.5727342100067783
6947,3.572526743589253
671,3.572479738819926
107627,3.57209404843075
1962,3.5717955579388865
39292,3.5714179834547
60161,3.571200797693944
497,3.570720864597307
3556,3.570166131808441
64957,3.570137201902062
1566,3.5697976218869893
27266,3.5696439013381287
68159,3.569569684819548
1396,3.5693988435329675
8983,3.5693369948973674
72720,3.5689031859928777
1243,3.56883829756495
1096,3.5686831810722155
133645,3.568015624012487
161131,3.5679626544832006
5882,3.5675960126380555
5477,3.5669609742236537
2871,3.5663139606531162
25771,3.566309961120666
156605,3.5662916997445913
78349,3.566052715608525
92694,3.5659122565178
131796,3.5658500701368294
110110,3.565799454649443
2648,3.5653858375786416
3104,3.565353678072734
6214,3.564568570013382
6303,3.564460500116506
41571,3.5644063055003006
6620,3.5643917641156326
3814,3.564325293211919
2391,3.564142119835824
97024,3.5641040455498683
98154,3.564073373439497
2023,3.563709776717994
101973,3.5634710618319554
733,3.5633744905438864
8879,3.5627352816755593
104841,3.562719515515741
2048,3.56264867492382
31193,3.5624294875636444
2599,3.5623741250413903
101360,3.562210106155929
1185,3.562158339398059
955,3.562066878583069
931,3.561248663626376
805,3.561193186145532
2232,3.5611434280609022
137857,3.560934526197424
6731,3.560757518729374
7076,3.5606645041673386
96737,3.5606270177609405
1370,3.5604782841323757
53129,3.5603168705097845
26242,3.5601949238796644
3098,3.5600149483843326
56607,3.5599336065267684
1216,3.5596173401258264
3334,3.5594424307424175
110882,3.55935080693994
48082,3.5593215081152527
55805,3.559027364234582
1249,3.5587737865875426
56788,3.558714706755578
562,3.5581102511911915
113829,3.557636403635505
141866,3.5572942073766587
84954,3.557249538112915
68269,3.557235984226846
3037,3.557190932068928
2797,3.5571567682425402
64285,3.557063393545759
7451,3.556974112072049
2117,3.5565282879741105
131050,3.5560401506729313
5617,3.5558972292447626
151455,3.555863568763563
492,3.5557171403045107
1916,3.5554775763017297
5489,3.5554439788572623
26547,3.5554439788572623
2141,3.555348151829716
48696,3.555312596905287
8507,3.5552012408572464
168366,3.5546533145933727
47629,3.5545166696990296
3365,3.554307986004103
135569,3.5542213975769963
49910,3.5541268871982465
65216,3.553702070148693
114060,3.553600613329898
55069,3.55338069170638
8581,3.553285209878855
85394,3.552643777904875
3925,3.552505121826271
5992,3.5524766559213874
70728,3.5515134112925066
140816,3.551487920418985
2579,3.5513233375786415
113862,3.551157623533411
1982,3.551086432970783
947,3.55066380658691
1347,3.5503086574933223
1032,3.550210264272928
2672,3.549787411181015
1340,3.5492048109241674
1500,3.5489745794192555
80839,3.548936469601715
140267,3.548842438736737
134170,3.548677548840264
26974,3.548644451103751
96911,3.548610502234746
2144,3.548136102594829
96588,3.547399697741571
38886,3.5465544624030265
2565,3.5464872950545514
7460,3.5464625814004407
166534,3.546438865499064
78574,3.5462495641810907
62250,3.5462355856226178
56587,3.545971394228036
134368,3.5458013816754175
118898,3.545747821797118
316,3.5456815481400445
2109,3.5454865657576065
471,3.5452557611043254
159061,3.544928741487781
78039,3.5448385679456176
46723,3.5447875708224847
112582,3.544660985901257
34437,3.5445438770500224
3742,3.5442770078494776
52042,3.544104302334068
4033,3.5440462420369565
3675,3.5439579705673165
4306,3.543522944194139
7044,3.5431067121522144
1025,3.5427204786163666
60674,3.5425992904578774
5630,3.542542579803814
8157,3.5421461065168365
58047,3.541677195085395
162738,3.5414841257862055
36,3.5413256650172
3396,3.5413123519683576
157498,3.5413123519683576
108192,3.5410900879276355
900,3.540842618686419
81562,3.5407554713860523
1343,3.5407364661307223
1077,3.5397093965714848
5294,3.53952130894546
1956,3.5392250892334913
56145,3.539191948252946
27523,3.5390708843429755
3363,3.5390666702229456
2985,3.539031986539869
142222,3.5387953853358556
4533,3.538629731710672
49286,3.5385271145251616
47999,3.538462800081178
84844,3.5380690667957193
3100,3.5376298484663007
71579,3.5373981581525005
266,3.5372836617955454
1296,3.5370238931827016
145150,3.5363080518326084
33166,3.535754192554251
7263,3.535695928148076
111921,3.5352456943284207
167746,3.5351680257498184
97752,3.534817069715337
1103,3.534762297449461
118696,3.534652472960369
2872,3.534527758256582
112421,3.5342099951478265
2020,3.5342095300698855
6093,3.5339866033077527
122892,3.533954186526868
58295,3.533219952629874
161634,3.533004686520494
66785,3.532993191222957
93475,3.5329041719733016
2297,3.532899727324722
44974,3.5325090561838626
90430,3.532266145432545
349,3.5317208499701866
118702,3.5316439557483803
474,3.531274562090107
72998,3.5308623510072548
2686,3.530499859141697
103335,3.530441929378406
167544,3.5299333388111505
63062,3.529234006753633
3809,3.5291866706622503
3168,3.5289115615775506
112623,3.528353236275259
140247,3.5283515826899263
72733,3.528281309853265
53322,3.5281494400877147
1356,3.5280769287820273
132424,3.528008892372218
2745,3.527940886911157
62374,3.5278346513571797
6370,3.527670755230435
4019,3.5275969983105115
3210,3.5275419071877954
44788,3.5274234630794687
5105,3.5269893614502736
3072,3.5268351473843618
4967,3.526716591256972
1449,3.5267031223926804
118880,3.5265888188763936
85881,3.5264254504777295
103341,3.526409100296076
33880,3.5257542088050657
3972,3.525532189763643
127178,3.5249922234779962
86142,3.5245513050537776
2022,3.5242535370697796
94325,3.52420793015792
1958,3.524016917195928
62203,3.523874027672983
138208,3.5236130823182994
2952,3.5235572632783025
7158,3.523511774555386
36535,3.5233580655460557
1873,3.5230231828858964
48412,3.5227876807780047
2183,3.5227782554083875
48043,3.5225693094577024
85020,3.5221159278127296
8370,3.521607442331336
6188,3.521109306849754
103210,3.520981112434039
142456,3.520774126688461
27660,3.5207422238394823
118900,3.520656175984179
2394,3.5200055845815865
76251,3.519302990488943
2301,3.51889710113298
110873,3.518862827044064
56174,3.518647270718971
1959,3.518333962734417
357,3.5183005985888576
262,3.518080497811821
1965,3.51790352009151
5444,3.517309332406212
143367,3.5171198497837146
52281,3.5171188806353055
99112,3.517060064111555
134214,3.5167870085278925
3108,3.5167390988431024
2420,3.5163634945452107
109578,3.5162310074668133
5014,3.5160639235664197
3178,3.5160270580621926
2432,3.5159984307527
507,3.515997514136286
45720,3.515992690646196
7123,3.515741879093115
2371,3.5157299297928604
535,3.5157175700277703
104419,3.5156335188511507
141,3.515554025117814
53519,3.5154689068221368
47894,3.5154680847892337
4902,3.515412780575489
67508,3.5153866738166593
4519,3.515283593874537
99145,3.515257643765238
115680,3.515083808333694
1033,3.5150734257181844
7360,3.515032619907568
55872,3.5147409222310335
261,3.514523504499013
60950,3.514178684343346
1615,3.5137488675709445
73854,3.513725201996081
13,3.513623152865157
58803,3.5135866675488083
4014,3.513431848717702
1701,3.5134104037851617
27904,3.5129371098812743
3959,3.512688314267881
139855,3.512677548840264
3016,3.5119814263326443
2193,3.5116753255061806
1131,3.51148563045102
7980,3.5113777841557052
173145,3.511219759375765
3510,3.510980287222505
1129,3.510620125930136
1947,3.5104103128737525
3174,3.510291210673938
100106,3.510231212899815
3408,3.5102270746245194
3421,3.509937708199686
2150,3.509876581166099
2696,3.5095221189364616
3635,3.5093638855015876
1372,3.509253462323503
3019,3.5092474424286793
2001,3.509045054823248
144976,3.5089372847953646
59018,3.5087829590190194
171765,3.5087430364780237
3213,3.508436263268268
59784,3.508337550299572
1663,3.5080398934941917
4351,3.5072184395683093
4361,3.5071471148750843
7569,3.5069772506567194
1676,3.5067733060928536
145839,3.506569591067787
4489,3.506418305355225
161127,3.5062140205773464
4679,3.5054799658836617
5152,3.5051199089757716
2763,3.5050643018123746
115664,3.5048860242442847
64983,3.504788067168063
1754,3.504150052551502
166635,3.504111802900049
105835,3.5040787049431668
3148,3.5039985056886667
74416,3.5035381916672996
83369,3.503471684305133
1376,3.5033277993514966
59126,3.5027731772527484
1721,3.5027697370250976
175,3.5027240944695137
162598,3.5026507784453726
105869,3.5020758236527705
81819,3.501721414736444
70,3.501692365939361
49961,3.501687123606236
319,3.5016101445823775
36517,3.5015976955452683
50912,3.5013975842414693
2273,3.5013064517655876
112515,3.5009490935510432
149406,3.500792676416451
97188,3.500652493105031
5066,3.5006066877151367
40732,3.5005408276183463
3869,3.4998580111784143
83086,3.499732405682396
120138,3.499685053601503
866,3.4996715365886923
110675,3.4996552613746177
127146,3.4996473180883187
139747,3.4996406949538272
6331,3.499624843260614
167380,3.499621128837452
918,3.499592915027475
94931,3.499592915027475
95088,3.498551100975996
99917,3.498517912661093
102407,3.498515903533606
380,3.497377345573161
4356,3.497088222349319
26947,3.49693334055939
104337,3.4967574338107386
112138,3.496654749865126
33004,3.4964092265522115
597,3.496396014290569
107406,3.4960679006938484
164981,3.4960487920430205
67087,3.4951698078260374
38038,3.4950037860536742
45210,3.494979197532373
3844,3.4943290216732557
63876,3.4943077960512006
1302,3.4938910565886463
69,3.4937074788641374
49130,3.4935913334356314
113705,3.493565175612919
2398,3.4929369660719907
37731,3.492823030710767
72554,3.4927682019502995
3451,3.4926330281549776
2321,3.4925436145410034
6617,3.492492704881739
3994,3.49232683153949
2687,3.492308043071897
3552,3.4922690432890144
2712,3.4919382296563186
345,3.49182467726443
3087,3.491402567368186
115881,3.491275075735988
108727,3.491030862235274
2867,3.4908956467320325
2003,3.490844615702835
115147,3.4908118054210853
90603,3.4907709690007342
104863,3.4899535618684414
2863,3.4892195314860475
156371,3.4891807754732036
112087,3.488341484276766
93855,3.4882181156796683
88179,3.4880195498040973
2340,3.487701176185861
81564,3.487160375514641
2490,3.4869733355244605
4299,3.486942825479237
2080,3.486761545289647
39427,3.4865036529251516
56941,3.4864197682279854
5500,3.486401019107092
95167,3.4861539883727874
3298,3.4860895684655477
89039,3.4859339537619567
61352,3.485887468005345
7982,3.48586350998089
4713,3.485556187911574
8645,3.485488056722478
6378,3.484786829159986
8614,3.4842343727489604
99149,3.4839520898642617
72483,3.483722053043202
1183,3.4837033405626583
37741,3.4832615747926337
7007,3.482408416483171
104243,3.4822998097007103
60408,3.4822943961641846
27674,3.4821173401258263
1635,3.4818820801118453
32456,3.481693872100661
61323,3.481687039606683
31696,3.4816810239391267
131656,3.4816731697659398
37857,3.4816372433566
4378,3.4815398837278737
7827,3.481372229297736
88744,3.481128575058428
62,3.481071266497124
531,3.4809867716298326
4571,3.48097058488925
103141,3.48070208505511
2993,3.4806781531702518
88140,3.480600505003078
18,3.4805078818753756
1357,3.4803582318676622
85736,3.479868115614315
69712,3.479855031845894
89804,3.479233427031908
97225,3.4791927125590623
27317,3.4791881899530543
132660,3.479125274410517
51834,3.4789739378033397
141422,3.4781312471575108
1188,3.477928121848544
1345,3.4776724375302464
2124,3.47764042840774
7160,3.4766944834853732
350,3.4765854963940472
127212,3.4761638959644023
69122,3.476118036820455
69134,3.4760320248968224
94,3.475526566979493
407,3.475368794101743
114662,3.47476686302601
129354,3.4745346367433254
104457,3.474530500066929
85788,3.474020101294782
1611,3.4739665026931554
56921,3.473819098709696
77414,3.4736925973096016
1689,3.472997170346624
96432,3.4729823719528206
143969,3.4728439714163626
27721,3.472782569327559
2352,3.472571581492889
54281,3.4725288028066847
4880,3.472504380204368
8641,3.4722000309627514
6932,3.4716927310922094
8644,3.4716023240756395
136562,3.471594191748546
87306,3.471562144665371
74787,3.4715483062508428
288,3.4710994866167066
78218,3.4709003009963064
648,3.4708364532225526
8910,3.4707757373830486
2803,3.4698697419934685
1441,3.469800943750582
133802,3.4694494678434085
2968,3.4691849175081506
71304,3.46899728584268
166705,3.4687985014793385
91500,3.468753182041243
4383,3.468687911615776
4467,3.4682350667598714
160848,3.4675051766051617
5673,3.467404335031456
454,3.4673759729338283
2406,3.46737378951264
36525,3.466969957495484
71429,3.466785192046289
1411,3.4664462654345165
3702,3.4661677769326475
8784,3.4657434393193602
27032,3.4655678954197136
2145,3.465541797018186
5446,3.465085106106752
3267,3.4649211282973083
142507,3.464890132491865
70567,3.4648313798137176
40583,3.4647904101172036
3483,3.4647585471228184
115170,3.464744447423608
86833,3.4645548008502183
139642,3.464397750042509
6385,3.4640123858041614
34072,3.463918842851447
45722,3.4639025836518345
300,3.4638135424811445
11,3.4636467084641196
6879,3.463606233703657
4008,3.463529200086777
3633,3.4632491048417946
37729,3.4632336605142355
95761,3.463147972213119
42718,3.4631320637744114
116799,3.4629187089138505
157338,3.4627809586413143
42725,3.4625811919303953
106841,3.4622179208157062
2671,3.4619723845846675
2083,3.461889297045955
27368,3.4618820801118457
6297,3.4614230286955734
3361,3.461392597797568
90374,3.461228615486499
368,3.4610589015605617
73023,3.4606983375786418
154,3.4603322933254725
95856,3.4603322933254725
247,3.460263352801516
2596,3.460214128202784
6659,3.4601656111610426
5013,3.4601078611046283
3271,3.459922747781146
69406,3.4599190201809993
101415,3.459663651655628
95313,3.45961026095373
115231,3.459528252778138
2926,3.4592659571245443
3786,3.4592043239885233
104211,3.4591227814228427
180,3.4588124403454574
143657,3.458729379052889
80831,3.4584548070806145
2551,3.4583645322255285
97057,3.457958176593947
55094,3.4577510740155923
62376,3.4568404253963014
3033,3.4563156115433458
106916,3.456088017193353
73321,3.4560623958353895
63131,3.456018383404311
348,3.4560177847444375
7481,3.4558046843209
48744,3.4558046843209
71057,3.455645241816085
5388,3.4554579723568826
8604,3.4551929637794228
3005,3.4551288912722202
586,3.4549694527204613
3081,3.4547777922711527
76173,3.454613592536328
103810,3.454286457451539
3969,3.4541439145729043
132961,3.4538477834381887
2580,3.4538474361480827
70293,3.4538364059080977
71518,3.4536239261877713
65130,3.4535230905792957
54190,3.453474733921704
1693,3.45346429902194
86190,3.4534205517504337
40148,3.4534202519450563
6296,3.453298100089876
1994,3.4528289249406017
160954,3.4527098553854794
6552,3.452692338146316
3793,3.4525008401223753
98243,3.4524984206445004
114678,3.4523599507208447
102125,3.4519528931516876
60756,3.451649387091845
164540,3.451253752035525
6944,3.4512357211470923
47997,3.451069037177032
8937,3.450987249188322
2644,3.4509468984117175
100383,3.4508695482145604
27801,3.4507549595444775
74948,3.4505687476234925
50601,3.450336831116826
2707,3.4500777086926
101088,3.450068619956624
51080,3.4491902202989233
1619,3.449111952889541
5218,3.4490262524236126
58998,3.4489940362543403
53318,3.448941608002892
2138,3.4486576117726466
1459,3.448548746778512
159858,3.448087393814981
91077,3.448053664228599
127196,3.447720640801581
90746,3.447508876336651
142448,3.447371406706014
79242,3.4470587012453495
1017,3.4467474424286797
2114,3.446407655840841
91535,3.4462849921630663
1957,3.4462541368596806
54734,3.4462304273066273
79588,3.445693872100661
51709,3.44559205426874
1297,3.4455561386370785
524,3.4454719342933062
2072,3.445317918452943
4041,3.4452919736804137
3706,3.444943383647826
265,3.4449138959644023
86644,3.444718201599619
90405,3.4442595706022394
4975,3.444105507363413
106696,3.4440856398867568
90866,3.443953971487279
2085,3.443822754206641
1013,3.4437670325818237
58347,3.443583481340534
53000,3.4422799036680036
89085,3.4422175503596426
163,3.441714332571455
142997,3.4413359655057523
3266,3.4412358783003314
3479,3.4407138341710275
6820,3.440676735967761
105211,3.440014271708499
1031,3.439806397346456
140713,3.439788269757173
141544,3.4392075323595375
111387,3.438697807234341
2991,3.438558670062913
8981,3.4385533878959964
87192,3.4384186541118433
6242,3.4379470825390857
4090,3.4377144602883414
7386,3.4376718724296644
69604,3.4370641630882925
3917,3.4370637836042537
33162,3.437030632042791
106487,3.4368609791729083
161966,3.4363817398122096
49651,3.4359547753858264
5541,3.4359502394019583
98361,3.4354196151078353
1093,3.435273407753189
2550,3.4350724087374473
95309,3.4349297100078027
1912,3.4347448934172173
159415,3.4346817760542363
55274,3.434648244004737
113252,3.434589676144948
128606,3.4344801107714042
71450,3.4344498609789795
2409,3.4344063055003007
135288,3.434155456279182
87222,3.4340138745235627
162350,3.433706257101755
44709,3.4336216651023617
6765,3.4332324019279556
45003,3.433120532143671
105954,3.4330498815746857
53953,3.4329234680251655
91974,3.432717658947242
4366,3.4326812341238475
167036,3.4323191487990052
2600,3.4319412922328505
6887,3.431783819033602
4866,3.4313793813854865
116823,3.431327112462291
5267,3.4310772921467487
114762,3.4310605607147306
162600,3.430890536504114
73211,3.4308444487986067
8633,3.4305879429769774
99437,3.4303982839521456
72395,3.4303622929928412
118246,3.4300720215249476
1042,3.430046926916952
230,3.4298765954658847
4545,3.4297738174631958
8970,3.4296519164531487
2915,3.4294743454694356
1088,3.4294722628861165
6754,3.4292598244190864
1186,3.42921815974256
66665,3.429097206202921
110771,3.4288866545198293
6662,3.428298100089876
130840,3.4281944237692867
26680,3.4281809593120673
2052,3.4279280266043477
94896,3.427900513838426
56152,3.427880372742714
127130,3.4276418136659546
95135,3.4274799404237077
2108,3.427398224733504
71135,3.4273804806977424
6890,3.4273223035350524
51662,3.4272563567968266
67267,3.427172477500533
5072,3.4270078926084153
539,3.4268720089207454
1092,3.4268411099533047
74545,3.426733945201399
105653,3.426607839009928
49793,3.426518162703924
25,3.4263510019829115
2090,3.426321609699193
74370,3.4261775735789826
1909,3.4261178761859887
8949,3.4260729346689036
45950,3.4260251738788137
1597,3.425857948408202
43921,3.4258260382150727
112940,3.425668242508974
4662,3.425520994842144
1641,3.4252089976206808
2746,3.4251861399341497
2245,3.425081486198491
82041,3.4248632372431196
500,3.4243171964410544
78316,3.423912078145695
34323,3.423911665712586
70159,3.4237699967678648
135133,3.423707858968907
616,3.4236484048922606
718,3.4234450858341203
2064,3.4232374711783686
53125,3.4231344279394706
1393,3.422717067305538
92507,3.4222605686685705
1711,3.4218832540164
339,3.4218409506603504
1022,3.4217895848495146
54736,3.421312724698467
1094,3.421061077011067
2089,3.4206992028356193
3489,3.4201387674237393
5508,3.4198284883810572
156726,3.4196863086676657
2316,3.419409994618979
838,3.4193695286613046
42418,3.4192324696746317
114552,3.4189325389975003
108981,3.4189283568986832
52287,3.4188562160717164
39,3.4187566959860596
4121,3.4187446057224125
1680,3.4186655152059853
6365,3.418557966509963
80222,3.4183932387064226
89470,3.418349252984829
104908,3.4182816979020747
49932,3.4182350667598715
110286,3.417584486905636
113604,3.4175834717659437
3317,3.417495058145694
1120,3.4170600181976534
5574,3.4168253819685814
30816,3.41610849235071
1639,3.415920526513109
89047,3.4158551676404327
6333,3.415839186201515
71500,3.4157981000898756
6618,3.4157351546026486
5853,3.4149239152832696
8966,3.4148467454803146
6003,3.4141214658396066
55267,3.414086929935494
4148,3.4128318704284846
5049,3.412550577640442
5377,3.4124313554550234
5380,3.412374849175308
39183,3.4121271020008255
709,3.4119982384939247
94799,3.4119766393049753
1518,3.4118269575806663
4623,3.4117090189470605
52241,3.4116757187194233
3101,3.411390346378676
2046,3.41116578772197
2,3.410825292786297
2142,3.4104708216811837
3753,3.4103742407043525
149011,3.4101235159219225
42732,3.409970708633028
113378,3.409803818224184
40278,3.409177747496611
73319,3.4091235102611455
63033,3.4089655968756665
7235,3.4089533983414393
2474,3.408946362907745
136485,3.4089298861407524
79592,3.408662670216195
27772,3.4086552429470185
6893,3.408455562631069
8984,3.407756808109668
1060,3.4075934234419876
780,3.4073820064204074
3156,3.407345984487038
40826,3.4071790079730913
7149,3.40713462584704
118985,3.406549913581528
85412,3.4062167488747987
333,3.405899951917542
3301,3.4056698284708413
72605,3.4056122386475467
592,3.405478760479747
2133,3.4051406219544758
145,3.4050153772066323
159093,3.4049853424269334
2059,3.404832178553992
5628,3.4043367289201916
96281,3.403605581642605
2890,3.4032771058182862
165603,3.4031843725005695
53550,3.4031191970650196
34319,3.4029881366529833
2123,3.402239839087199
3512,3.4021173401258262
96567,3.4021173401258262
161954,3.4021173401258262
74750,3.4020656976837333
110591,3.40179404798511
3984,3.401730784749199
54256,3.401730784749199
47644,3.401693872100661
2857,3.401625467463142
58301,3.401557940551087
68848,3.40122525767108
3250,3.4011008277101737
5668,3.400643062631069
8623,3.400430202178276
3444,3.4000820560320464
113225,3.4000659214190034
61024,3.3996186403749524
5812,3.399607528334181
84601,3.399499292586656
2009,3.399446608229358
65682,3.39932961398275
1078,3.3992765082998573
48783,3.3991937843299276
4823,3.3984489283416344
62293,3.397530905201333
130634,3.3975216220026354
50685,3.3972273279719887
198,3.396529404204027
1101,3.396506464141347
106002,3.3964967573418314
8019,3.396420465741615
144606,3.39626667319791
77561,3.396161726865242
6184,3.3959765182651047
2541,3.3956898534831423
5970,3.3956807343155213
7162,3.3955490143663907
6063,3.395434729297736
34534,3.3950224616052127
4509,3.3950176940059453
58154,3.3949951365878266
92920,3.394887267147462
91079,3.3948736572626914
1590,3.394155963479328
1020,3.393491764361973
72737,3.3932341692791006
164367,3.3929931912229567
6059,3.3929035933614045
2901,3.3917817060057116
94777,3.391548465414352
111659,3.3912539315053793
31433,3.3907180397313463
89072,3.3904744569805345
103883,3.3904365399287633
165937,3.39023163512834
151345,3.3902263959644023
2366,3.3895963306478376
7458,3.389406175808106
2096,3.3890723778654475
54995,3.3889845732751227
412,3.388483957805107
98373,3.388204497539716
101739,3.388089092607596
342,3.387935168726138
45186,3.387306462147089
111617,3.3871059554133156
7842,3.386787015513668
3450,3.3867242055656344
141688,3.3865208914765055
40614,3.3857597426988377
59016,3.3857530296420473
8371,3.385543396295772
837,3.3850366687893207
74795,3.384853117094795
1125,3.384813612373292
80862,3.3847720484885695
101142,3.384747397976243
7375,3.384279146272413
56757,3.384177245366026
120466,3.384076360166174
2311,3.3840692812283457
103372,3.3837578320540227
127116,3.383743036478024
126548,3.3836802389937284
50954,3.383451858712956
4370,3.3831563512331524
140481,3.382860243782565
5666,3.3828199440428284
2167,3.382517277461853
50442,3.3825135469733016
2528,3.3824677877797913
33437,3.3818382814645065
6536,3.3811356380395052
3639,3.3811292480671074
3993,3.3807397904240535
45221,3.3806964467241034
72171,3.3806964467241034
140162,3.3804324768143275
47200,3.3799038526147065
4023,3.379325298338741
4649,3.378937812164984
3159,3.378785621064621
2989,3.378713352578334
587,3.3781285367504985
47465,3.377784101650585
3698,3.377656298452643
2476,3.37725248949556
114847,3.3770011729954015
5669,3.3767268730467057
67295,3.3766541719733016
4308,3.376329404290644
136564,3.3761178577721545
155392,3.3758941650781713
81784,3.3758601384010527
97328,3.3758587525998283
1015,3.3754900226699585
6565,3.374848150843582
7570,3.3747825796169466
86898,3.374672305731976
4448,3.374119820711823
4036,3.3740626419775124
105,3.3739600892521184
130073,3.373743872378671
103306,3.37332569934407
7163,3.3729716636470415
4005,3.3729699578350885
3355,3.372939053216407
2881,3.372880687244013
142509,3.3727572250524283
105769,3.372707959518605
114007,3.372330870486876
596,3.372230777390145
2355,3.3720069084525077
157268,3.371544177463868
2527,3.370792660942508
117887,3.3705880487087088
42738,3.370542817502284
5959,3.37053271373317
109740,3.3701698884526157
93740,3.3699369008594093
1620,3.3699208000751204
139857,3.3698870979794266
159193,3.3698754802316415
1892,3.36953134139271
3259,3.369081123276676
60979,3.3688382975649502
91414,3.3682350667598717
104881,3.3682350667598717
6755,3.3681525193865447
2513,3.3679463917106145
151605,3.367868107662179
2841,3.3675906625005263
1194,3.3673199366410858
3812,3.3673199366410858
114074,3.3663477834381887
81782,3.366307308262269
3155,3.366302228691263
6263,3.366302228691263
163959,3.366302228691263
1735,3.3660914556291375
127140,3.365837878052419
168344,3.365788569142951
103228,3.3656462578645874
44828,3.3654481165862955
5108,3.3654293121302166
6538,3.3641550149022916
56286,3.3639070951364944
3253,3.362875264884298
6889,3.3625667310299914
33145,3.362444972647707
129428,3.3620342569961705
8366,3.3619203817143646
128520,3.3609480535958705
7045,3.3605533049474077
5016,3.3605533049474077
114180,3.3602734508882306
82167,3.360169065400597
1029,3.3600352902634065
86815,3.3600176041886565
70206,3.3600156217349784
7008,3.359826862678508
1047,3.35956943420772
1587,3.359232562635495
91325,3.3591582491998757
155509,3.358904607804324
52,3.3587430364780237
2137,3.358598435368133
152083,3.3585292783155762
94985,3.358249899450205
6645,3.3578846383871106
96857,3.3578051347363718
100302,3.357737125071492
1027,3.357536420792658
6223,3.3574795331226666
5159,3.3571229219733016
44193,3.3570425531129295
27790,3.3559758937508795
56389,3.3559758937508795
224,3.355771075590402
130075,3.355620251440656
45668,3.3550404621123535
2002,3.3549979156804968
75985,3.3549094708660805
76763,3.354702744082924
7646,3.3544272474471253
7155,3.353768062631069
78088,3.3534718732321105
5810,3.353016092972388
72405,3.352983579801323
31804,3.3516287231737127
34532,3.3512775984122243
7154,3.35119224121656
2396,3.3508430543864627
94864,3.3508243088520966
2431,3.3508065654362382
2539,3.3507131716964103
2018,3.3504812136649607
92439,3.3500856497268803
1128,3.349667252283327
1059,3.3492567829480016
130686,3.348965607420846
5577,3.3489445344471953
2143,3.348893111949713
52950,3.3486956038922893
155659,3.3486925973096016
100244,3.34832547705213
104339,3.3482727891062627
151777,3.3480279701317057
136018,3.3476186142451336
91094,3.347028959659508
91134,3.3468679075239134
4155,3.346816041323592
1375,3.3466198952120267
139415,3.346583476393218
106785,3.346423233537161
3526,3.3460128445376487
2517,3.34589788637179
2454,3.34582678643233
117871,3.345785903967141
60647,3.344789177792717
5833,3.3445530927090985
91126,3.344350346114854
136020,3.344261024850582
84772,3.343915495574103
75341,3.343614018093589
170,3.3434437621699677
2662,3.343408339398059
85025,3.3433820578132947
57640,3.3432056591548016
6664,3.3431584565673287
136602,3.3428960509540904
93443,3.342197646383168
520,3.341890882105148
117529,3.341860535829779
5026,3.3413109466609363
3699,3.341220634057227
91978,3.340887514276913
97936,3.3407326820497225
5410,3.3405225657836626
73266,3.340297321911394
45728,3.3401842806345745
4321,3.3401792882066816
2134,3.3396785791071153
2424,3.339056274500443
7046,3.3389440536837736
33615,3.3386503912943684
37384,3.3382681686100146
4733,3.337860137378261
86817,3.337437635667401
50794,3.3372211932155627
7164,3.33698682565455
168612,3.336836918078625
1377,3.336782013511944
41566,3.3358178949472017
116397,3.335665881522392
1589,3.335510952122381
4889,3.335440139428683
6281,3.3353455970986605
164200,3.3352008481809023
82169,3.3351709916581225
139655,3.335120118249643
1687,3.3346776037019707
832,3.334456184013598
85367,3.3334709435498704
163985,3.3331075752954726
799,3.3330856570393697
67186,3.3329636136481415
7573,3.3324678577408013
4056,3.3321173401258264
89305,3.332060042016572
109848,3.3319378343944255
51931,3.3317689619281117
7380,3.331642133875772
160438,3.331490113414269
372,3.3311243985638512
4084,3.330987947767245
8643,3.3305580079235537
69951,3.330378759364687
122896,3.330233087344552
122924,3.3299868327668314
2640,3.329870252721996
117466,3.329482798437833
127096,3.3293618817610287
135518,3.32914826124098
8972,3.328927087247643
2094,3.328791004325592
7137,3.3286911633937004
99007,3.328678575098297
91653,3.3285625530872442
8939,3.328544568553501
89343,3.32825905316394
32289,3.327298388471676
5991,3.3271816925560938
8807,3.3268196654902567
8916,3.326550459241888
5540,3.3263538021047783
116161,3.3263497537782936
46967,3.326197484622561
80917,3.3261709347915542
162602,3.326032231829744
168254,3.325756008148108
7324,3.3255943298541624
1608,3.3255669812109447
94833,3.325371050632148
3791,3.325245556172482
114601,3.3247689149110546
89087,3.3245915580193133
7,3.324587542114872
85780,3.3240639174593603
61132,3.3238927373663256
98585,3.323719759375765
59727,3.323666006728123
58105,3.323640834756545
7169,3.3234376581614775
51084,3.323400786596916
3477,3.3229459828670915
6936,3.322744445160952
3053,3.3223463916675406
99117,3.322033254383124
100810,3.321679803125626
31184,3.3214014256657727
122890,3.321294061841059
114265,3.320749853326446
80858,3.320649831711396
5945,3.3205978092519164
103315,3.3203937170998366
54999,3.3203448647089577
1049,3.3202846099783194
594,3.3202629821342806
647,3.3201678302129936
1923,3.3201412227524165
7285,3.3201210808500425
74275,3.3198332390122873
99750,3.3195425024889347
292,3.3190225685079655
113780,3.3189982027877205
76079,3.318928059530521
81791,3.3187418511976876
109187,3.3184999033992906
6213,3.318447022733414
33683,3.3184430918129486
135436,3.318195355955899
3686,3.317933337744043
53468,3.3178156364840445
377,3.3172469235425286
81641,3.316939750120987
8836,3.3167928388449743
1483,3.3163832149080195
4017,3.3163022286912627
130576,3.315703043072574
442,3.3156862128766718
5528,3.315505418789321
4994,3.315479627632248
87298,3.3153314468977486
10,3.3151619333515687
3441,3.315012940392408
3555,3.3147719182518722
141408,3.314729544817745
1130,3.314705562631069
86332,3.313390423127151
1378,3.31270364716456
64969,3.312173097868204
103253,3.311906738830575
7373,3.311820147294641
2617,3.311652245015276
36527,3.311608265598076
724,3.311196037221497
239,3.3107492274662063
96751,3.31048429028583
783,3.310193224616035
65230,3.309577221137142
117549,3.309499849883405
106072,3.3093330993954115
532,3.308660643342539
1485,3.3084727699283354
4725,3.30842222736805
26693,3.308378243398116
86880,3.308283665472498
1792,3.3081373395500355
2407,3.3077734196767543
43917,3.3076942829553797
101577,3.307308670062913
54272,3.307140494456095
3249,3.307077369118531
109864,3.306943746464221
151315,3.306538489378392
67734,3.3057214897780924
8917,3.3054681207252012
97172,3.3051829091495692
4654,3.3051690304301276
155874,3.30508381437559
27193,3.304488894847216
45880,3.3042138582522376
2496,3.3039981068511217
63,3.3039781064017646
88267,3.3033519786299204
53972,3.3031413047364593
130520,3.3030519879715916
1380,3.302949975958771
35836,3.302935351324068
74685,3.302873319757456
58103,3.302308670062913
4010,3.302065697683733
65882,3.3020165144055484
2826,3.301906175984179
71211,3.301776262179958
66090,3.3017644501048555
142536,3.301744635646536
88108,3.3017297755356427
127136,3.3015626474645665
85401,3.301548721967945
4387,3.3015257925715344
27619,3.3011470497346282
4700,3.3007824679091478
62155,3.3006380039944085
7317,3.3004784949436896
74916,3.300112827044064
54780,3.3001007211380484
71264,3.299738700919615
41573,3.2992994762903383
34162,3.2992571856558106
89837,3.299186488595231
53894,3.299061944931428
69306,3.298922370140496
47382,3.2986471568382667
101741,3.2986306552447275
481,3.2986103920862577
100108,3.29828585620563
2990,3.298252933409591
2717,3.29814131710107
674,3.2975309224101825
410,3.2974943131525603
3189,3.2974652554530066
96693,3.2974652554530066
33669,3.297058682085634
1753,3.2966092639762685
91842,3.2965273162102102
3745,3.2963294793908373
97860,3.295934611545112
45,3.295827900798458
440,3.295792529204406
162828,3.2957525921486113
3618,3.2952874625008883
112,3.2952696495710145
207,3.294805680984922
141924,3.2941755842829963
5364,3.294058421488847
1970,3.293966135129149
111113,3.293542839506645
2533,3.293317805947404
37830,3.293284566445915
605,3.2929012885825255
3591,3.29272644347372
49822,3.292632582605713
109483,3.292502711555085
102716,3.2923602987634966
4020,3.292281801507678
65982,3.292187620652827
133419,3.291445246572251
110453,3.291106483531589
70183,3.2907350172976964
51925,3.2904010388572296
3608,3.290332837967993
87869,3.2900667006622513
130452,3.2896938721006608
45081,3.2894763950899724
37720,3.2889481515787002
100487,3.2885397132476704
59103,3.288402107334906
109895,3.288382711402365
75395,3.288093596274833
94405,3.2880243258148703
4814,3.2879548572760067
58376,3.2877154347178985
86548,3.2876067300450007
2082,3.2872874111810146
90576,3.2872608375786414
277,3.2871960120513926
6934,3.287157683198053
77795,3.286787015513668
151,3.2866785842789183
54276,3.286655932970353
146688,3.2864393053956067
70208,3.286059729297736
4231,3.286036252549346
71530,3.2859294938530503
1327,3.2856912974106542
1777,3.285523843771845
72167,3.285495622929044
2033,3.2853726251123447
3107,3.284863941594051
108188,3.284748504828232
68932,3.2843679075239134
103801,3.2842417399396964
7151,3.284169626988273
5693,3.2840526056200243
7024,3.2836782536392732
31660,3.2829688953579295
1573,3.282965841186224
4865,3.2828438531304927
66198,3.2827121158365444
1255,3.2824417577028546
66171,3.282266669508714
610,3.282209219614493
68941,3.282209219614493
90249,3.2822087157068345
2411,3.281605467264683
4238,3.281447811476837
58627,3.280753308871729
2146,3.280753308871729
47122,3.2806838989470934
120474,3.279916505177602
6862,3.2790947078213604
4701,3.278980403467263
57528,3.278846606510608
31685,3.278683896970086
1479,3.278494192718269
43936,3.278494192718269
90343,3.278478211659449
79796,3.278449161406291
7347,3.2781982491716173
7346,3.277753694632796
3258,3.277719184427836
67923,3.277162906639266
32029,3.2766236743490724
370,3.276263668108531
88405,3.276139321471964
143859,3.2760228956343074
118082,3.2749946621085897
21,3.274395727505341
169864,3.274382741127601
4980,3.2739691144433
2105,3.2739439631425102
79185,3.2737899516975433
69640,3.273786632604529
101362,3.2733652626192726
166486,3.273323611018739
2478,3.273269248688302
84944,3.273267833837584
33493,3.2732570648212875
72731,3.2730065464858495
7362,3.272925390811805
110730,3.2724200890042114
5349,3.2722778475851664
2021,3.2720934083941295
99296,3.271905281950445
236,3.2714551098993216
494,3.2711856127783028
5479,3.271146914141019
1371,3.271088432241759
56805,3.270857281778751
3513,3.2707709690007345
109846,3.270735944204372
92391,3.270670411332548
74668,3.2704081573151322
68554,3.2698843929284824
1320,3.2696757880781937
140928,3.269643196820837
2402,3.269306358025613
152372,3.269232816885682
145935,3.2692317494365044
5957,3.2689961284788462
4958,3.2686531353856494
2334,3.268542896147545
4614,3.268405742070781
3565,3.2683339627344172
6764,3.268042975772991
63479,3.268011009603699
80166,3.2675911564577373
1552,3.266916352711802
830,3.266041345088058
46948,3.2658985581025393
54775,3.2656938721006608
103366,3.2655503618359853
52458,3.264803700450992
66203,3.2645986947131167
2405,3.2642050699853042
82378,3.2641453334664825
69644,3.2639452694621744
74946,3.2631109391457076
2560,3.2623646327814555
6966,3.2623201291482267
2976,3.262097140385363
1569,3.2620641991032007
36708,3.2619814263326443
82242,3.261622823663985
56169,3.2614998308209797
6863,3.261049532642937
157200,3.260973825967438
26555,3.260499845532199
653,3.2604901030684323
136598,3.2600074261780843
82744,3.2597720484885695
3285,3.2595766951475253
1918,3.259526517961707
90345,3.2592930000528684
73268,3.2592199775752158
91890,3.2590626034751367
8781,3.2583478043088623
61729,3.2580782267505506
22,3.257961421337602
167640,3.2579482149800216
102123,3.25730234699277
3247,3.2562570735009975
8376,3.2559385602414745
100581,3.2558381493789312
8360,3.2557753988047993
4821,3.2555092395547662
165105,3.2551694626659264
76030,3.2546382135382026
3948,3.254547245265977
106330,3.2540439432533104
108190,3.253999713375628
42015,3.2536014332896537
3918,3.253132409419373
2860,3.2527265911950005
48,3.2525780790985204
79293,3.2522001722526768
2378,3.2521220036621434
62344,3.2521173401258263
71520,3.2517896667154367
74156,3.251693872100661
103772,3.2512241902159214
5389,3.251196237359224
108156,3.2505028058700445
2410,3.2503846297675505
329,3.250261641063598
5015,3.2498047653703197
167018,3.249778809321287
110297,3.249592915027475
104441,3.2495885377697054
105468,3.2494418256840434
27821,3.2489294033611973
4214,3.248870131574966
802,3.248583510559428
40962,3.2484669860336397
117590,3.2484398087321233
7017,3.2483754628117674
2605,3.248235193483877
144482,3.2481402194360167
5620,3.247954611450353
57368,3.247632675972802
102684,3.247487744757341
114246,3.24645877639857
103249,3.2462473026083765
73168,3.2462258813934484
55282,3.245991251013833
76293,3.245842524358331
785,3.2458010759199203
140523,3.2455515641016546
161580,3.244887833383264
165103,3.244881389692095
5219,3.2443091347679984
76,3.244273766091305
106540,3.2442574373383777
27706,3.2441503582049407
95543,3.2440323696898834
52973,3.2434745728031578
82461,3.242423832905957
77201,3.242134348580171
104,3.241457047122937
5065,3.2413610338772108
95201,3.241295500085018
80094,3.2409127762446035
8622,3.2404397229840276
5400,3.2402494303538694
1801,3.2401033681191618
77364,3.240082343947948
161956,3.239440442726087
60072,3.238956958588378
59333,3.2389086029714935
8908,3.238308884548569
5266,3.237925761690011
128838,3.2377370663109946
128512,3.236846759200704
56775,3.236740683643291
88515,3.236718907346213
383,3.235937651866494
2376,3.23576244255211
100737,3.234918960907673
65685,3.2348459206131297
4039,3.234382478991386
6266,3.234379270844947
8808,3.2343251563448154
106022,3.2339297972230203
113573,3.2338423224324755
62081,3.2335350784724923
1407,3.2334051538049122
43560,3.233240830889005
1030,3.232685375679481
140711,3.232006192902081
1888,3.2318647773704514
6290,3.2304888938650738
132046,3.229114563166666
3798,3.22856197782438
62113,3.2284125850243646
170875,3.2283878112836737
5009,3.2281088859002254
8464,3.2280421373674844
5107,3.2279974424286797
63113,3.22684224726427
2792,3.226442019373522
68659,3.22632652455629
8362,3.2257460704782175
2100,3.2253543389622084
55999,3.225176247364237
50804,3.224995892828861
96417,3.2243070744494906
8369,3.2241827223387283
49396,3.224159526841887
361,3.2240529726889218
49824,3.2240319146374583
51086,3.22394673853504
47518,3.223939678700138
3269,3.223844705077261
129937,3.2237672486276456
2116,3.2237400287640328
7036,3.223635601923825
33679,3.2235310715783196
552,3.2232450918482254
26999,3.2230574011368054
6709,3.2227997928181558
468,3.2227068173395983
74688,3.222686993129712
1779,3.2225171417513465
4246,3.2224291438553627
661,3.222178430115168
84189,3.2216528794188157
6218,3.2216295598286804
164821,3.2215778928056844
5312,3.221111726142307
5299,3.2208451144704644
558,3.220375982095339
84615,3.2203375958785387
5881,3.2202655226347643
1342,3.2201877752223824
366,3.219934396925259
113453,3.2198697419934676
313,3.2197295120821305
39231,3.21880466039735
93326,3.2183967648333316
52975,3.2182199156252684
74868,3.2180975786404797
376,3.2179502699411318
80126,3.217949903106561
2470,3.2176843688794357
72209,3.2174429110156697
91976,3.2172873206863657
158260,3.2170585566311534
105037,3.216785192046289
60941,3.216785192046289
72165,3.2165262858474346
4844,3.2165156224656126
8860,3.216363088029854
89030,3.216347290770829
104303,3.2158821549198877
160271,3.2158684136455045
466,3.2155822084555123
117895,3.2154819059035
3173,3.215302420381033
4734,3.215277624087181
1517,3.215199715521479
1713,3.215069168633578
61262,3.2147448934172176
93270,3.214555819657187
69069,3.214258994896153
1544,3.2140653698449912
93512,3.213954407035347
8528,3.2136702192438245
96861,3.213353146256091
112818,3.2133262566928433
367,3.213167755809354
89,3.213143062631069
2393,3.2131256901914793
112868,3.2126048630471287
160567,3.2124380094045915
62439,3.2123588724742835
111375,3.211821795244709
78264,3.2117899048708454
79139,3.2112370717770906
7000,3.21123528055643
5502,3.2110228084824306
130490,3.21101038136983
40723,3.21090830058763
708,3.210630792818783
517,3.210409156986104
4757,3.2101235159219224
95583,3.20977520785104
98083,3.209699298006198
64030,3.209633851432144
36519,3.2094993283146027
203,3.209382770854465
71745,3.2092101522926733
37727,3.2085847362683557
103339,3.208397699900618
54648,3.2083429127115
95067,3.207934729297736
136016,3.2077779434503877
3704,3.207626669008905
93563,3.20730650322379
50802,3.2071173401258264
2953,3.2068388198881843
110407,3.2066535574801858
63859,3.206562528933806
2942,3.205822527112045
47640,3.205645411842617
6155,3.2056094597715994
5667,3.2047357334623863
117851,3.204427719967539
45447,3.2042484731631675
6373,3.204227657711814
109191,3.203889613038523
32213,3.2036117018647596
44022,3.2035677304530177
100507,3.2034287584131054
8636,3.2033741867233445
543,3.2027633155206887
85796,3.201593438547612
95510,3.20104011503226
1983,3.200908406606363
107,3.200824605258912
46970,3.2008169325646483
6548,3.200804954081295
99912,3.2002689935188786
92309,3.2001191270312956
2447,3.2001057118250684
1422,3.199617340125826
1835,3.1995582556312545
3638,3.199044335089252
1883,3.198552188613431
90719,3.1984967445588808
124859,3.1980591135317797
225,3.1977390902947658
72294,3.1976077067225894
5027,3.197451700669333
5679,3.1971867907523914
48385,3.1971644129339216
68952,3.196692200646148
2794,3.19661570666087
35957,3.1965122077190307
142422,3.196411560083884
34336,3.1962727787220047
93363,3.1960536231065513
92008,3.195904056192361
4677,3.195828326879625
134393,3.1954002951819005
8783,3.1952092576937017
88672,3.195028511869243
92422,3.1948469360503307
73015,3.194742957025735
58299,3.1939474399165375
86298,3.1938836964158615
4816,3.1933639055997904
51412,3.193219952629874
34,3.1922086890484938
8974,3.191448779633116
160573,3.191411560083884
2688,3.1904572889820937
135885,3.1904515363534554
49647,3.190353678072734
42002,3.190239766928992
122884,3.1899492884207525
5944,3.189670602910949
128488,3.1896173401258263
89761,3.189578605015942
99728,3.1894434944134655
110655,3.189391269052294
3438,3.189372692175993
59501,3.188318677327274
3998,3.1882608246717776
56949,3.188164818308123
97836,3.188094068579333
135534,3.1880632078739133
104925,3.1880632078739133
58162,3.1878761627971706
131013,3.187807567420506
62733,3.187687860562656
31427,3.1874521093009056
168418,3.1872101061559293
102720,3.186866829796559
80615,3.186659758153705
6619,3.1865036529251514
4673,3.1864398312505364
84374,3.186078141760591
7293,3.185664088631305
1690,3.185417203529859
45499,3.185378781332749
5387,3.185086704343499
3708,3.1840827167121137
91323,3.1836988458963447
3717,3.1829718967237994
4054,3.1829196317455364
79057,3.1829053425761953
1726,3.182829112764666
114439,3.1818763887658514
3082,3.1815694719920153
158813,3.180929842873906
45662,3.1807550124492394
140529,3.180114478171538
8605,3.1799205193517563
533,3.1798145585033772
3978,3.1794015865259837
1917,3.1788997537153545
109569,3.178705100546573
74154,3.177814445178532
1805,3.1776811365216227
95199,3.176924854659842
91622,3.176602791077702
5040,3.1763942587291605
91628,3.1762361593291804
104312,3.1760793873559687
1614,3.1759976251123447
67788,3.1753428822752086
165141,3.1751589115579186
149352,3.17499687988832
1064,3.1746542842217633
96815,3.17401781115689
2322,3.173960862500758
2428,3.1739363125561724
81537,3.1736030387530354
31,3.1731543187752296
93805,3.1730238535920146
58297,3.1729099474787947
1895,3.1727128061793355
1385,3.1726820329735914
575,3.172577948048941
93982,3.1723794001143872
1727,3.1722003453054075
80590,3.1718802230333285
89840,3.171463618416661
78469,3.1713826322080125
114707,3.1713712071750453
1974,3.1708695407300604
148956,3.170752251221314
135141,3.170377461354105
159755,3.1701300925186504
1722,3.1701247151769345
3861,3.170010638114004
303,3.1698400963064097
135532,3.169231567398296
24,3.168766790125143
158830,3.1684266698259655
2004,3.1682320106768307
80219,3.1669594846353077
48982,3.1668406718632536
2006,3.16673303978289
2375,3.1663517202681697
81512,3.1662915099272806
162594,3.1662741950008475
152059,3.1662741950008475
52644,3.1657886932316437
3263,3.1651762473642373
88785,3.165116849530014
166918,3.1648536730351107
3388,3.1646476257397302
96917,3.1645861321074378
166558,3.164172711493843
99910,3.164153226588854
2699,3.1640891445472104
166492,3.1632417881344015
3784,3.163207102757282
7366,3.1629445150454045
282,3.162577197451202
82152,3.162409137072484
47952,3.1623132441395465
3827,3.1617585906826173
91128,3.161514601389429
252,3.160954594294077
736,3.160820577179911
54771,3.1606926611235817
95875,3.1605971809407425
3274,3.160419437312388
32596,3.1601347516457863
8957,3.1598982940465783
4992,3.1595716752708594
3054,3.1588893933526787
4487,3.1584264604173224
81156,3.1575733375786417
88812,3.1572112770412977
748,3.156741008960908
2060,3.1565277631538855
23,3.1564308508401693
40581,3.1558821905427648
2421,3.1557123972867562
2735,3.155639670341094
3705,3.1542196522954846
106491,3.1539276059227785
2567,3.153285209878855
62434,3.1529411076515306
8866,3.1529233274028985
55232,3.1522583348495146
74851,3.152094647542363
87522,3.151804193358286
104241,3.151531179515234
30822,3.151025082684244
33834,3.1500850290766853
103483,3.1498693006165777
155064,3.149840558385761
1461,3.149388734421088
4052,3.1493577057114988
93272,3.1493178768571832
216,3.148920527124588
162322,3.148811888649486
151639,3.1484649213561666
160571,3.1484218338165375
1476,3.148137414957054
3751,3.1476546981069036
53460,3.147162387972709
2505,3.146263290211733
1457,3.146221844936057
6957,3.146201812376747
4531,3.146196167671022
84395,3.1460748014814115
68205,3.1457394064505317
63853,3.1456507148366075
2581,3.1448042963368197
31420,3.1446969071567485
8526,3.144563682845397
1975,3.14414434873929
5459,3.144021577657897
3177,3.1439757648404556
6707,3.1438083661870007
6332,3.1434666726777225
88,3.1428407331998884
6873,3.1426619082274625
38798,3.1421114564747827
5505,3.1415054777058407
51927,3.141233016158088
45431,3.140936442919773
2530,3.1404857653763627
5293,3.1404553426884823
2709,3.139373484006265
2485,3.139191969917418
96110,3.1390656235787553
94266,3.138992419237021
2840,3.138829966362824
34332,3.1383462670659075
5941,3.1382884910234785
58107,3.1382549595444775
1977,3.1378907873679003
104074,3.1373767177635536
6367,3.137226671518447
78209,3.137221019735425
45517,3.136868318107221
118997,3.1366738025209164
95307,3.1362034434286867
58975,3.136015763750751
3243,3.1355049642316164
61705,3.133626123841058
144620,3.1331573977590006
1488,3.1331378643672636
71156,3.1331189641095287
100390,3.133064713997959
95441,3.1322652112663443
135,3.131802715549452
2641,3.131483840956752
114795,3.1311920890581084
172,3.1298469360503303
51091,3.129770195224249
3254,3.129761059468231
94953,3.1285487467785122
5524,3.1284867599352193
2950,3.1284867599352193
95105,3.1283526481590265
382,3.127459497870696
72393,3.126825293211919
2723,3.126820183851798
77540,3.126392986924886
4447,3.1259588936275198
5363,3.1257675576334742
160563,3.125687448092801
107314,3.125229706280404
4887,3.1250919696872206
119141,3.1244720403160855
102033,3.1242743733892557
169984,3.1242334930168196
72489,3.124190634639218
162590,3.12409797797007
8861,3.123386214142537
2328,3.1233835050750756
58025,3.1228874947871192
60126,3.1227918435558326
4728,3.1227425630251404
62999,3.1224818942260195
7318,3.122127738302673
8870,3.121757433810739
59258,3.1216358375786415
27837,3.120825596086693
88954,3.120733040471593
1991,3.120718194764499
2354,3.1205562797051893
158528,3.1202244425708576
54785,3.1200869186117233
1091,3.1200869186117233
135530,3.119858403198315
32031,3.1196031462560914
7444,3.1195998936544442
33085,3.11953134139271
105213,3.119192218306047
2995,3.118914990941125
3755,3.1187722235086794
130087,3.1184908880052253
110781,3.118431116771522
68319,3.118134343156083
59022,3.117949261146063
32598,3.117465127510291
101612,3.116956469516149
52694,3.1167885579939165
485,3.1167050131130147
1616,3.116626887198247
60074,3.116405594188855
27478,3.1163477834381887
155820,3.11634268783974
4149,3.115953756550425
362,3.115865012552553
60760,3.1155095434892774
67408,3.1141758984584826
61248,3.113087213876046
2598,3.1126807438450514
165347,3.1126216926650003
3248,3.11195864034708
2694,3.1116560184904576
152079,3.111079376740038
90524,3.110430247552398
7439,3.110005160751734
44225,3.10996933345148
80363,3.1097849835510507
55830,3.109586403603471
7376,3.1088589940156526
34048,3.10811581400391
8969,3.108009611357999
109673,3.1077277044120137
1971,3.1075923701549133
3534,3.107328122975322
1513,3.1065013684946354
3799,3.1062104975896716
77866,3.10615062187895
105585,3.104975443703629
109850,3.104365237894456
4228,3.1032166719733016
5,3.1031275902848217
3257,3.1030286553726922
2042,3.1028599450695653
4343,3.1027830511470054
71248,3.1027345088823037
129370,3.10263049258877
4369,3.1024005930178595
2606,3.102065697683733
3409,3.1020449497772815
108928,3.10098480936085
8361,3.100975992568886
138212,3.100896033310707
103755,3.10080665342934
55250,3.10051877321498
110553,3.1003603983192893
3863,3.100176888288203
80551,3.099781337214758
1416,3.0996938721006613
7367,3.0996085765524723
90522,3.099072894990594
852,3.098482382245749
2770,3.0979865119796584
143365,3.0969656211850802
3624,3.0968432150042062
413,3.0967293583028557
273,3.0967158641998314
57910,3.096362731318093
134783,3.0955769474630275
5265,3.0954041719733016
8965,3.0950809405536734
4770,3.0948736572626916
1833,3.0943352593628197
135887,3.0941314505692032
231,3.0939406986843063
90647,3.0939383682452526
33499,3.093369144965248
53207,3.092742285823226
82202,3.0919737442777047
39435,3.091745476463683
4744,3.09084693605033
37853,3.090783271356944
110809,3.0902200330253713
102481,3.0901825827977634
836,3.090014571534308
157797,3.088143062631069
135861,3.088068394605629
3452,3.087913019107536
165101,3.087352823125318
68793,3.0870600085283373
101025,3.0864442277850626
4344,3.086215683946562
327,3.0859743844124123
2387,3.0856905489542568
68135,3.0855692199576734
106062,3.0849320757891654
78041,3.084873762994423
5254,3.0845881914465467
464,3.0841963583341556
69275,3.0839550825274737
92192,3.0837932042100267
3264,3.0833617909002733
2706,3.082884531416704
120799,3.0824084776848495
6959,3.0823526936498595
78105,3.082173904625958
120635,3.0821654301330357
65088,3.0821562482700844
6156,3.0817312732283053
2683,3.081563527758171
5463,3.0793455292731116
786,3.0792924927474314
111360,3.0791265079049004
27482,3.0790464414660867
111743,3.078906302448737
37382,3.078438850492777
161354,3.0775611524012096
1373,3.0762704476633576
56171,3.076190069159911
344,3.076111504863186
45062,3.0748712040056567
798,3.0745527225778204
94677,3.0741582334502007
40851,3.0738433689931193
60040,3.072614256098057
267,3.072149889741949
33646,3.071946276507596
50162,3.0714033070552738
93831,3.070892007426504
5283,3.070773576633255
3986,3.0704129592870926
64032,3.0699737671693383
133195,3.0697018952514528
96691,3.068614513952807
60397,3.06819804517513
7381,3.067795595428658
42007,3.0670345633680216
80139,3.0669609742236537
5047,3.0661382583954437
42734,3.0661379739677503
3623,3.065966578313824
4025,3.0658953398341438
169982,3.0656537290299095
95449,3.0655437480141514
155812,3.0653866738166595
338,3.064705562631069
119155,3.0639520884023055
4558,3.0637755070352686
2269,3.063318245401723
2121,3.0624370763460327
98239,3.0624294875636444
60,3.062226671518447
167738,3.0606575914880474
3697,3.060266669191757
77667,3.0601235159219224
103042,3.0594982904284436
3439,3.0591342203751775
88932,3.0582260554620464
1586,3.0576077067225893
7255,3.0576012948075615
39444,3.0573939813868076
79224,3.057176050954972
57951,3.0567539675086817
185,3.0565051000370076
8906,3.0557171403045107
66509,3.0540324530726872
152061,3.05318437250057
133798,3.0531430077296386
59037,3.0530274559748722
1391,3.0524931211158917
6014,3.0522653972495943
65577,3.051981037762198
74789,3.05179337149398
137595,3.0513366447320878
85056,3.05131924003595
32298,3.0509158525621523
1876,3.050522800031068
81132,3.0503099916673637
122888,3.050102929934935
4018,3.0498150628807292
5530,3.0482218956162885
6252,3.0479756345438993
3882,3.04767320767537
94015,3.0473463805031664
76077,3.0464798603440904
48591,3.045296792005915
8948,3.044928741487781
61250,3.0448548395075075
2471,3.044705704420769
1100,3.044011370574313
156607,3.0423528000578512
71254,3.04222063196281
80846,3.0414432287810307
5420,3.0413893769027727
102686,3.0412496806627014
95058,3.0400175152786124
60806,3.0394202389311706
75805,3.0394145248147653
5900,3.038632966796375
64249,3.038115239932875
1920,3.037078323972147
90717,3.03691412717196
53974,3.035689750120987
1973,3.0356879795111613
59421,3.0339411721042
1037,3.0336734642459064
151739,3.032706276701055
2122,3.0317561139685596
168,3.0303009761940722
160565,3.0300810363805453
2126,3.0299157715084615
46335,3.029904335031456
5308,3.0297270284705533
6880,3.029067348664543
149354,3.0280516316262505
48520,3.0275685322968466
637,3.0272970876735723
61160,3.0269312727759483
112897,3.0266607542054818
41569,3.0261115261726794
6946,3.025912989606133
2279,3.025532189763643
103075,3.0252698889192815
4270,3.0251598162179674
6595,3.025042208678355
30894,3.023789028213515
68791,3.0219783191680594
6695,3.0216976850738657
114670,3.0208621526490056
100163,3.0204626036968985
103727,3.020434729297736
8640,3.0197637855106665
61350,3.0197038896477464
719,3.0191574631329385
72129,3.0186519297114707
105755,3.0183339627344172
849,3.017983033831598
101285,3.017083691556291
4719,3.016919134107097
7004,3.01617313295243
1409,3.015985285795991
44397,3.0159160184486558
4989,3.015490805543734
1603,3.0150152106366894
37386,3.014642718532393
1969,3.0145062204456154
74530,3.0141440901840633
3,3.012934117032647
6058,3.0125608596026487
142420,3.0123216379531064
673,3.0122476898039827
148172,3.011990825961873
46972,3.0117489110531435
3536,3.010630792818783
34143,3.0101826387611985
67799,3.009813612373292
15,3.0097637970820568
3615,3.009595375325738
111364,3.0092386941423186
67695,3.0091159622045742
6800,3.008184970319852
125914,3.0073696092918207
9,3.007262591965129
168498,3.0068941506278324
43930,3.0052721037969086
48322,3.00510203720203
1972,3.0048860742072234
156706,3.00483491112652
6379,3.004809013598531
5572,3.004236091858556
95207,3.003629184953142
208,3.003228808777493
65585,3.0023378937345955
112497,3.002205562631069
86293,3.0020963763622044
101112,3.0013907650981406
141004,3.0013704466833824
69606,3.001327485972305
5872,3.0012574805876016
30825,3.000259637047925
87483,2.999761582632914
2805,2.9996770802749593
1894,2.9985764642596675
48518,2.997712174703037
30793,2.9974852409471087
1665,2.9974788478341106
3893,2.997330870486876
91386,2.996900365726695
74450,2.996307887646757
434,2.995156894784145
5171,2.995013724514044
20,2.9947993624404114
6763,2.994117418004348
149830,2.9936691098328208
84942,2.992801223859202
47044,2.9927393986893893
52245,2.991781031388113
317,2.9905293350314572
156609,2.990352020804784
152091,2.9900572390857687
130450,2.9899459739384486
48414,2.9891581596413968
74452,2.9887976870659356
2404,2.9884189432533104
6550,2.9884080051406965
5025,2.9881571788912753
147847,2.9880161303496053
92681,2.9879822969733016
58156,2.9857428910441284
43679,2.985195539801601
79695,2.9851805208366122
1021,2.9844998784226817
120637,2.984174637279492
70663,2.983892502749556
42011,2.9835842846039946
70334,2.98312956615644
103384,2.983029335031457
104245,2.9829688953579296
48142,2.981962247898961
2616,2.9819109408109297
56156,2.981724175620544
90403,2.9816067682071203
155743,2.981336279504284
71252,2.981229358156937
2294,2.9806176189860976
1438,2.980472855734962
74580,2.980102034892023
2710,2.979451117435118
5128,2.9794115978944706
86911,2.9792373919854462
2628,2.978715465314682
59429,2.9784125850243646
2827,2.9784125850243646
66798,2.9778228760042524
94478,2.9773498299293366
3981,2.977179120557727
157312,2.9771453607588736
2429,2.976768873224189
7173,2.9757802712192505
27808,2.9757718898884087
2719,2.975433779846543
108945,2.9752447201296732
44004,2.9751042323121837
2335,2.974934017957958
2253,2.9745363836765533
43871,2.973902650893513
32019,2.9731126903768375
160569,2.9727939432533104
5220,2.972711485581599
4446,2.9724725368328504
101283,2.971281519760547
130636,2.969431988512038
12,2.9666282802535613
3968,2.9665646240335533
128975,2.9659218060133554
2296,2.9658776993427267
107348,2.965817545484647
119655,2.9653727423545195
6593,2.9651615035432792
91485,2.9651434473673093
3752,2.9644009754320035
5804,2.964376011873644
116887,2.9642684730579907
3617,2.9637868948195165
3316,2.963782367825853
42009,2.963089626465807
162478,2.9625916719733016
158872,2.962498529774631
2092,2.962444972647707
2808,2.9608745476229545
765,2.960789604526923
1717,2.9589950739789206
542,2.9589297195708832
6537,2.958232010067956
78637,2.958120071984302
78266,2.9579805015676577
2986,2.9579148377622126
72380,2.9576547744955057
170827,2.957186169930025
6294,2.956617464360611
49274,2.9565621457602576
1388,2.9562192412061865
7316,2.9550154822552024
85510,2.9547424377762703
6250,2.9539529083145992
90888,2.9539354384675223
8947,2.9526093997100586
3354,2.952369138947142
6287,2.951714568223428
4161,2.951622125616962
6952,2.9513641411378573
86295,2.946924194357615
70305,2.946802081075281
4876,2.9461876996248177
8865,2.945929557632843
32017,2.9443979335369512
3113,2.9442511818817305
55261,2.9435676075942303
2054,2.9435533189750185
6793,2.9427957848897632
71379,2.942710292773881
55245,2.9415832327835387
103655,2.941561815595061
95720,2.941124539663241
5378,2.939721293489719
159690,2.939317205000408
64497,2.9382677219986815
4248,2.9368283479476585
4732,2.9363470219439534
5092,2.935997946043109
157340,2.9355233294837526
7454,2.934449778843267
97785,2.9324550648018173
2107,2.9323922332967047
7161,2.9320222248549714
103137,2.932011187177952
8977,2.9315576588587016
8985,2.931128550269336
67197,2.930714161281787
112911,2.9306869052172497
8814,2.930484689274207
6541,2.9295442220636887
2380,2.929517954865001
34334,2.9289186807600274
2724,2.9277132026823383
5296,2.9258464697922926
2379,2.923911436913954
6686,2.91910523977341
3744,2.918745791277926
4621,2.9187120757436897
94780,2.918705640088181
47124,2.918165057379583
36401,2.917519462464112
2422,2.9174176104985508
3484,2.91669292673809
45501,2.9162599799751927
49013,2.9154627129958675
86835,2.913649194235838
81535,2.9115503306027035
87485,2.911467377693039
48943,2.909863938590591
150294,2.909822660316336
5803,2.9084264604173224
33495,2.9077727960467614
58655,2.9073954758503167
379,2.9071893675930633
60514,2.9056766369420686
51939,2.9051099151550783
3616,2.9050606667800234
160080,2.904882226003343
105731,2.9046205577082174
1474,2.9040366079664963
420,2.9039404563717603
53996,2.902178178406369
135536,2.90175937957923
5401,2.9014125241273594
1405,2.9002762148213987
93766,2.8998354151078822
8373,2.8998336261416635
315,2.8997165482413525
90469,2.897558075550834
85397,2.897519067173052
2381,2.8952595535202197
59615,2.895135771830895
63436,2.894459071021861
71205,2.8924550761553403
132796,2.8909039073912335
45442,2.8899441487336666
405,2.889373484006265
1515,2.887372860016825
91660,2.886439305395607
3999,2.8864029181015445
6166,2.886103710266499
45208,2.8850303513446782
4638,2.883616007441315
112788,2.8828414400774314
4310,2.8825219092868775
5093,2.8822899217977405
135567,2.8811611457336976
44840,2.880720123458878
51937,2.8802858920052485
81417,2.880212386832482
114713,2.8790200248457127
85022,2.878954077847681
6212,2.878784208650072
1591,2.878511265363186
73929,2.8779368852245524
70336,2.8767105947888707
6338,2.8761763000699037
136864,2.8736449990532913
82852,2.8736271389924952
2713,2.873175531725207
74532,2.872782569327559
134528,2.872772914365604
74698,2.872159789575568
101076,2.871500896599933
158,2.87036739470359
432,2.870135498077592
89190,2.8697598123652175
72701,2.869525930642935
83613,2.868875905505011
79428,2.868369543157683
19,2.8679481442531647
3988,2.8672314348361945
5481,2.8667192233382885
4639,2.866241744881796
4990,2.8650651889587926
5507,2.8647058204088443
71668,2.864081026622906
53121,2.8639120846281294
743,2.8635331163626754
79251,2.8623033130731494
159441,2.8622118706316027
6586,2.8620147783829446
5784,2.861697415582569
110968,2.859693872100661
66783,2.8586036017641714
54732,2.856839158830021
39446,2.854701235891974
6383,2.8535773786056895
78467,2.849376689779139
5048,2.8483254770521294
204,2.8464984167415635
97701,2.8453903881849016
5785,2.8439936348668056
784,2.8428515956795275
130448,2.8427266202525785
95,2.8423724467086084
5151,2.841705573329474
160112,2.8417024632903436
43836,2.8409395509007735
88356,2.83838109228782
87529,2.8367188447986496
50189,2.83308565703937
69278,2.832458518076134
419,2.832060042016572
1772,2.829360122380635
62912,2.8289558733280464
3440,2.828894965976416
4643,2.827567734940555
115534,2.8273850144744745
55577,2.8271335782275733
27839,2.8269242840282875
2389,2.8263043065530855
3157,2.8239336628889777
61123,2.8238954872716677
48877,2.823338231673962
85131,2.8220759065528633
83480,2.82185112891155
110127,2.821419772457181
5449,2.821129505305
142074,2.8194750811944376
167370,2.8194308407392805
6006,2.817764259414377
163937,2.8155793641220304
1588,2.8139110116054624
1367,2.813581934993449
45672,2.812719433449949
55995,2.8117166685124526
152063,2.8085495304153145
54004,2.8077806091481032
4367,2.807226056620731
44,2.8069344620072747
4735,2.803229767969488
6564,2.802051169764913
60937,2.7991460000450994
1702,2.7989857091831563
59725,2.7961613192683688
4247,2.7958649958685466
3825,2.7956434436405577
60516,2.7953051347363718
32296,2.792726920554739
45730,2.7926062652628874
52722,2.792358747295779
148238,2.791230509317953
4890,2.7909927646735495
5478,2.7907981000898756
6624,2.790618396660195
2392,2.789036034149639
53435,2.788235051482866
186,2.7877782136736737
74754,2.7859674352105546
8912,2.7856879795111613
77798,2.7854600266616787
7325,2.7851998434462226
7150,2.7834882935334564
455,2.7815941825896138
55768,2.779407493634659
45726,2.7780036792610656
76175,2.777179641819937
113348,2.7755199011885274
108689,2.7745954901401007
116977,2.7734244612686902
72378,2.7710554153475813
2722,2.7707299963361134
87867,2.768431116771522
45666,2.7683557268029704
96616,2.767609569726436
196,2.7661517095440695
585,2.7634782205715167
2412,2.7629061448196226
51575,2.7626652250004478
1862,2.762622229297736
2384,2.7614827224205536
87876,2.760885956014411
1831,2.7594518547546265
79134,2.7588571994622164
5943,2.7585572670062826
4069,2.7569852217277893
173,2.753991783679453
4899,2.7527265911950005
94018,2.7522452177053083
880,2.7507993918210376
2450,2.7507778835209202
6264,2.748768094070866
33830,2.7450317154500574
100498,2.744083592356087
40339,2.741282271726948
78174,2.740664739221613
5621,2.740404508996352
84637,2.7376468728035306
181,2.736580562631069
113345,2.735837238767078
53993,2.7355511858267287
73106,2.7349725547275847
5942,2.73269333690833
83349,2.7318993656757202
104218,2.731143909466554
62394,2.7308821744917595
42723,2.730832201013234
4718,2.7261437533731168
1760,2.7248804865998433
7701,2.723189750120987
761,2.7216049907718003
39715,2.7189229241326798
58293,2.7182835030564436
1431,2.717950269941132
61401,2.7168482716070823
160,2.7117792220078933
46062,2.7068438811574635
3146,2.7052561089731815
43928,2.701286162223993
8810,2.7000275446304753
87520,2.700021392912639
79879,2.6987406957363387
135137,2.698546827418401
101997,2.6930352265337985
112370,2.692253844448607
6615,2.690108129415834
3826,2.6895875691722915
4254,2.6839228121246816
3991,2.683475152032386
502,2.68296889535793
8907,2.681509519743327
2315,2.6813960831320593
5480,2.6739443484239196
1359,2.6715161671117524
2642,2.6714594883002194
73042,2.669531398180414
6958,2.669156144819622
168712,2.6676248806909153
100083,2.6638233375786413
4255,2.6624940621130437
1681,2.661702352201286
1644,2.6589164640161074
37380,2.654579685774203
82095,2.6504378298764726
33164,2.6489571345358565
193,2.64776858627921
98203,2.646992175424562
33158,2.6467940070074922
56801,2.6460022344370855
2153,2.6456607327978476
5501,2.6443340422377117
34520,2.630615664513977
435,2.6276126117206546
5313,2.6263741389582766
46530,2.6263625057976547
3785,2.6245413252081935
69784,2.6219472369966415
43558,2.6216938721006606
4974,2.620524715571477
33836,2.620405902710542
2053,2.6201453780105863
7369,2.6185229362594513
69526,2.615115539319195
1911,2.6146400417662674
169,2.614184729297736
4015,2.6103479112376973
5323,2.6093817216251702
153,2.604074899175462
45732,2.6031381788412435
3977,2.6024439049862793
374,2.6021333368527597
6503,2.5990399430724698
8531,2.598855275846303
4232,2.597483199212566
148652,2.587895730849888
82854,2.5863512026966182
34530,2.584104302334068
60037,2.583817864198425
519,2.5786956185038328
5452,2.576388223372861
34150,2.5725096952186792
6534,2.571709304645267
6535,2.567908257136418
59014,2.565353678072734
1882,2.5614171352316264
4386,2.5571639174889116
5504,2.555774861375098
256,2.5536400628366933
92058,2.550629938903904
69436,2.5493155149137756
132157,2.5413310001103735
31221,2.540486765610443
59900,2.5394144670108085
49649,2.5392371209252116
3997,2.536873834814733
53464,2.5349983958378695
2701,2.5331449443672938
3754,2.5308513959644023
65,2.528885089592083
2643,2.5255823963451194
762,2.518892553015192
3979,2.512325232078958
51077,2.5054463141871297
148888,2.50286412077498
6013,2.4954956821136625
3273,2.4913273219675975
4388,2.4883931816178584
92938,2.484378783907756
91104,2.484220160633834
56176,2.4726704600133473
355,2.464275037709551
65802,2.4611369623957433
6888,2.460472216095132
102880,2.4496892042696574
2338,2.445583492337973
546,2.4415832327835383
87430,2.4309452597765606
8372,2.426426537376033
46965,2.4239756187260024
103596,2.419247003927836
44972,2.414653690321162
47810,2.413321573621931
4368,2.413124291520516
78772,2.4100803680353957
3564,2.408743036478024
72407,2.4026852282755016
5419,2.400971133995584
788,2.400244311197255
1707,2.399074860012691
6157,2.397270386439099
393,2.3968087190364873
6566,2.390042219514625
2720,2.388163757342634
3646,2.3849782825332677
6951,2.383913012271845
1556,2.3361573945723713
1499,2.33290136416548
43919,2.330330562631069
77427,2.325358918677806
4340,2.318968009515757
122902,2.3160893915847396
63992,2.3154681753181743
67867,2.3121320578132947
58315,2.300089232034849
50806,2.2888126110006013
61348,2.281022452387765
125916,2.2729715851299273
3821,2.2470300293092116
90890,2.233428731809615
57532,2.2045995038540047
31698,2.1981078795234437
1562,2.1690149883964778
78893,2.12340437842696
50798,2.0642418208787285
6482,2.0616222258741
8666,2.0209604917892943
3593,1.8955532417657945
